date,CEER
1999-01-01,95.43
1999-01-04,95.47
1999-01-05,95.84
1999-01-06,96.66
1999-01-07,96.46
1999-01-08,96.49
1999-01-11,96.87
1999-01-12,96.98
1999-01-13,96.04
1999-01-14,96.05
1999-01-15,96.29
1999-01-18,96.2
1999-01-19,96.18
1999-01-20,96.66
1999-01-21,97.39
1999-01-22,97.22
1999-01-25,97.39
1999-01-26,97.12
1999-01-27,97.29
1999-01-28,97.15
1999-01-29,98.45
1999-02-01,98.28
1999-02-02,97.61
1999-02-03,97.55
1999-02-04,98.89
1999-02-05,99.37
1999-02-08,99.49
1999-02-09,99.17
1999-02-10,99.11
1999-02-11,99.42
1999-02-12,99.17
1999-02-15,99.18
1999-02-16,99.04
1999-02-17,99.09
1999-02-18,99.97
1999-02-19,100.09
1999-02-22,99.68
1999-02-23,99.92
1999-02-24,99.87
1999-02-25,99.15
1999-02-26,99.09
1999-03-01,98.21
1999-03-02,98.53
1999-03-03,98.23
1999-03-04,98.5
1999-03-05,98.84
1999-03-08,98.74
1999-03-09,98.55
1999-03-10,97.83
1999-03-11,97.93
1999-03-12,97.79
1999-03-15,97.45
1999-03-16,97.38
1999-03-17,97.75
1999-03-18,97.81
1999-03-19,98.13
1999-03-22,98.8
1999-03-23,98.78
1999-03-24,98.88
1999-03-25,98.53
1999-03-26,98.58
1999-03-29,98.6
1999-03-30,98.59
1999-03-31,98.57
1999-04-01,99.31
1999-04-02,99.31
1999-04-05,99.62
1999-04-06,99.12
1999-04-07,99.42
1999-04-08,99.41
1999-04-09,99.32
1999-04-12,99.67
1999-04-13,99.94
1999-04-14,99.65
1999-04-15,99.92
1999-04-16,100.19
1999-04-19,100.37
1999-04-20,99.93
1999-04-21,100.1
1999-04-22,100.61
1999-04-23,100.79
1999-04-26,100.69
1999-04-27,100.73
1999-04-28,100.78
1999-04-29,101.45
1999-04-30,102.12
1999-05-03,102.7
1999-05-04,102.53
1999-05-05,102.2
1999-05-06,102.1
1999-05-07,101.94
1999-05-10,101.8
1999-05-11,102.23
1999-05-12,101.92
1999-05-13,102.05
1999-05-14,101.9
1999-05-17,102.16
1999-05-18,102.1
1999-05-19,101.86
1999-05-20,101.91
1999-05-21,102.44
1999-05-24,102.44
1999-05-25,102.48
1999-05-26,101.76
1999-05-27,101.59
1999-05-28,101.82
1999-05-31,101.42
1999-06-01,101.01
1999-06-02,101.35
1999-06-03,101.6
1999-06-04,102.04
1999-06-07,101.74
1999-06-08,101.67
1999-06-09,101.48
1999-06-10,102.28
1999-06-11,102.13
1999-06-14,102.5
1999-06-15,102.17
1999-06-16,102.63
1999-06-17,102.34
1999-06-18,102.11
1999-06-21,101.76
1999-06-22,101.82
1999-06-23,101.71
1999-06-24,101.87
1999-06-25,102.26
1999-06-28,101.92
1999-06-29,101.44
1999-06-30,101.77
1999-07-01,101.77
1999-07-02,102.31
1999-07-05,102.21
1999-07-06,102.1
1999-07-07,102.09
1999-07-08,102.19
1999-07-09,102.0
1999-07-12,101.55
1999-07-13,101.36
1999-07-14,101.28
1999-07-15,101.16
1999-07-16,101.22
1999-07-19,100.44
1999-07-20,100.18
1999-07-21,99.41
1999-07-22,99.3
1999-07-23,98.93
1999-07-26,98.6
1999-07-27,98.36
1999-07-28,98.43
1999-07-29,98.48
1999-07-30,98.54
1999-08-02,98.54
1999-08-03,99.43
1999-08-04,99.58
1999-08-05,99.27
1999-08-06,98.74
1999-08-09,98.92
1999-08-10,99.04
1999-08-11,99.77
1999-08-12,100.19
1999-08-13,100.78
1999-08-16,100.48
1999-08-17,100.66
1999-08-18,100.23
1999-08-19,99.32
1999-08-20,99.37
1999-08-23,99.27
1999-08-24,99.35
1999-08-25,99.39
1999-08-26,99.02
1999-08-27,99.72
1999-08-30,99.68
1999-08-31,99.09
1999-09-01,99.75
1999-09-02,99.08
1999-09-03,99.44
1999-09-06,99.44
1999-09-07,99.37
1999-09-08,99.73
1999-09-09,99.97
1999-09-10,100.58
1999-09-13,100.71
1999-09-14,100.43
1999-09-15,100.16
1999-09-16,100.27
1999-09-17,100.55
1999-09-20,100.13
1999-09-21,100.38
1999-09-22,100.53
1999-09-23,100.19
1999-09-24,100.29
1999-09-27,100.62
1999-09-28,101.06
1999-09-29,101.03
1999-09-30,100.56
1999-10-01,100.2
1999-10-04,100.48
1999-10-05,100.62
1999-10-06,100.59
1999-10-07,100.46
1999-10-08,100.41
1999-10-11,100.41
1999-10-12,100.09
1999-10-13,99.79
1999-10-14,99.72
1999-10-15,99.33
1999-10-18,98.69
1999-10-19,99.0
1999-10-20,99.16
1999-10-21,99.43
1999-10-22,100.11
1999-10-25,100.25
1999-10-26,100.51
1999-10-27,100.59
1999-10-28,100.59
1999-10-29,100.5
1999-11-01,100.76
1999-11-02,100.68
1999-11-03,100.75
1999-11-04,100.97
1999-11-05,101.32
1999-11-08,100.96
1999-11-09,100.45
1999-11-10,100.52
1999-11-11,100.52
1999-11-12,101.38
1999-11-15,101.09
1999-11-16,100.9
1999-11-17,100.87
1999-11-18,101.25
1999-11-19,101.37
1999-11-22,101.27
1999-11-23,101.09
1999-11-24,100.97
1999-11-25,100.88
1999-11-26,100.86
1999-11-29,100.49
1999-11-30,100.64
1999-12-01,100.64
1999-12-02,100.32
1999-12-03,100.33
1999-12-06,100.36
1999-12-07,100.25
1999-12-08,99.94
1999-12-09,100.36
1999-12-10,100.07
1999-12-13,100.09
1999-12-14,100.03
1999-12-15,99.94
1999-12-16,100.04
1999-12-17,100.19
1999-12-20,100.04
1999-12-21,100.01
1999-12-22,100.11
1999-12-23,100.25
1999-12-24,100.8
1999-12-27,100.8
1999-12-28,100.8
1999-12-29,102.09
1999-12-30,101.93
1999-12-31,102.55
2000-01-03,102.55
2000-01-04,101.67
2000-01-05,101.83
2000-01-06,101.58
2000-01-07,101.37
2000-01-10,101.61
2000-01-11,101.57
2000-01-12,101.8
2000-01-13,102.15
2000-01-14,102.26
2000-01-17,102.11
2000-01-18,102.17
2000-01-19,102.01
2000-01-20,102.23
2000-01-21,102.87
2000-01-24,102.99
2000-01-25,103.12
2000-01-26,103.26
2000-01-27,103.59
2000-01-28,103.03
2000-01-31,102.9
2000-02-01,103.16
2000-02-02,103.52
2000-02-03,103.4
2000-02-04,103.17
2000-02-07,103.27
2000-02-08,103.03
2000-02-09,103.14
2000-02-10,102.81
2000-02-11,102.77
2000-02-14,102.6
2000-02-15,102.29
2000-02-16,102.76
2000-02-17,102.79
2000-02-18,102.95
2000-02-21,102.82
2000-02-22,102.18
2000-02-23,101.87
2000-02-24,102.42
2000-02-25,103.14
2000-02-28,102.85
2000-02-29,103.33
2000-03-01,103.12
2000-03-02,102.77
2000-03-03,102.98
2000-03-06,102.73
2000-03-07,102.77
2000-03-08,102.35
2000-03-09,102.31
2000-03-10,102.31
2000-03-13,102.01
2000-03-14,101.85
2000-03-15,101.53
2000-03-16,101.2
2000-03-17,101.19
2000-03-20,101.43
2000-03-21,101.72
2000-03-22,101.4
2000-03-23,101.22
2000-03-24,101.65
2000-03-27,102.07
2000-03-28,102.45
2000-03-29,102.47
2000-03-30,102.46
2000-03-31,102.33
2000-04-03,102.44
2000-04-04,102.58
2000-04-05,102.47
2000-04-06,102.7
2000-04-07,102.3
2000-04-10,102.11
2000-04-11,102.02
2000-04-12,102.13
2000-04-13,101.89
2000-04-14,101.16
2000-04-17,100.54
2000-04-18,100.68
2000-04-19,101.35
2000-04-20,101.63
2000-04-21,101.63
2000-04-24,101.42
2000-04-25,101.99
2000-04-26,101.74
2000-04-27,101.72
2000-04-28,101.71
2000-05-01,101.88
2000-05-02,101.43
2000-05-03,101.26
2000-05-04,100.85
2000-05-05,100.91
2000-05-08,101.29
2000-05-09,101.12
2000-05-10,101.03
2000-05-11,101.55
2000-05-12,101.61
2000-05-15,101.53
2000-05-16,101.82
2000-05-17,101.18
2000-05-18,100.98
2000-05-19,101.22
2000-05-22,101.22
2000-05-23,100.54
2000-05-24,100.26
2000-05-25,100.41
2000-05-26,100.2
2000-05-29,100.6
2000-05-30,100.13
2000-05-31,100.57
2000-06-01,101.12
2000-06-02,101.77
2000-06-05,101.62
2000-06-06,101.41
2000-06-07,101.39
2000-06-08,101.45
2000-06-09,101.86
2000-06-12,101.77
2000-06-13,102.13
2000-06-14,102.16
2000-06-15,101.8
2000-06-16,102.02
2000-06-19,102.38
2000-06-20,102.03
2000-06-21,102.01
2000-06-22,102.01
2000-06-23,101.74
2000-06-26,101.63
2000-06-27,101.55
2000-06-28,101.38
2000-06-29,101.31
2000-06-30,101.5
2000-07-03,101.5
2000-07-04,101.03
2000-07-05,100.61
2000-07-06,101.06
2000-07-07,101.4
2000-07-10,101.37
2000-07-11,101.47
2000-07-12,101.56
2000-07-13,101.63
2000-07-14,101.32
2000-07-17,101.57
2000-07-18,101.8
2000-07-19,102.14
2000-07-20,102.03
2000-07-21,102.24
2000-07-24,102.78
2000-07-25,102.65
2000-07-26,102.55
2000-07-27,102.35
2000-07-28,102.07
2000-07-31,101.39
2000-08-01,101.3
2000-08-02,101.91
2000-08-03,101.81
2000-08-04,101.41
2000-08-07,101.41
2000-08-08,101.5
2000-08-09,101.74
2000-08-10,101.86
2000-08-11,101.76
2000-08-14,101.75
2000-08-15,101.43
2000-08-16,102.04
2000-08-17,102.11
2000-08-18,102.39
2000-08-21,102.28
2000-08-22,102.46
2000-08-23,101.56
2000-08-24,101.5
2000-08-25,101.82
2000-08-28,101.67
2000-08-29,101.56
2000-08-30,102.14
2000-08-31,102.72
2000-09-01,102.38
2000-09-04,102.38
2000-09-05,102.48
2000-09-06,102.24
2000-09-07,102.55
2000-09-08,102.77
2000-09-11,102.64
2000-09-12,102.69
2000-09-13,102.49
2000-09-14,102.38
2000-09-15,102.68
2000-09-18,102.46
2000-09-19,102.55
2000-09-20,102.96
2000-09-21,102.46
2000-09-22,102.01
2000-09-25,102.11
2000-09-26,102.02
2000-09-27,101.46
2000-09-28,100.99
2000-09-29,100.7
2000-10-02,100.64
2000-10-03,101.04
2000-10-04,101.63
2000-10-05,101.91
2000-10-06,101.51
2000-10-09,101.51
2000-10-10,101.45
2000-10-11,101.16
2000-10-12,100.99
2000-10-13,100.87
2000-10-16,100.65
2000-10-17,100.66
2000-10-18,100.74
2000-10-19,101.35
2000-10-20,101.26
2000-10-23,101.59
2000-10-24,101.36
2000-10-25,101.32
2000-10-26,101.22
2000-10-27,100.37
2000-10-30,100.09
2000-10-31,100.26
2000-11-01,100.12
2000-11-02,99.7
2000-11-03,99.53
2000-11-06,99.9
2000-11-07,99.81
2000-11-08,99.14
2000-11-09,98.95
2000-11-10,98.88
2000-11-13,98.88
2000-11-14,98.97
2000-11-15,98.62
2000-11-16,98.64
2000-11-17,98.21
2000-11-20,98.35
2000-11-21,98.69
2000-11-22,99.17
2000-11-23,99.59
2000-11-24,99.94
2000-11-27,99.96
2000-11-28,99.76
2000-11-29,99.55
2000-11-30,99.72
2000-12-01,99.38
2000-12-04,98.74
2000-12-05,98.93
2000-12-06,99.53
2000-12-07,100.2
2000-12-08,100.46
2000-12-11,100.31
2000-12-12,100.24
2000-12-13,100.6
2000-12-14,100.67
2000-12-15,100.44
2000-12-18,99.95
2000-12-19,100.28
2000-12-20,100.08
2000-12-21,100.32
2000-12-22,100.34
2000-12-25,100.34
2000-12-26,100.34
2000-12-27,100.75
2000-12-28,101.12
2000-12-29,101.4
2001-01-01,101.4
2001-01-02,101.66
2001-01-03,101.56
2001-01-04,101.55
2001-01-05,101.38
2001-01-08,101.77
2001-01-09,101.79
2001-01-10,101.64
2001-01-11,101.76
2001-01-12,101.96
2001-01-15,101.61
2001-01-16,101.64
2001-01-17,101.21
2001-01-18,100.74
2001-01-19,100.84
2001-01-22,101.33
2001-01-23,101.32
2001-01-24,101.18
2001-01-25,101.48
2001-01-26,101.61
2001-01-29,101.94
2001-01-30,101.89
2001-01-31,101.77
2001-02-01,101.94
2001-02-02,102.13
2001-02-05,101.31
2001-02-06,101.18
2001-02-07,101.14
2001-02-08,101.26
2001-02-09,101.49
2001-02-12,100.7
2001-02-13,100.64
2001-02-14,100.34
2001-02-15,100.31
2001-02-16,99.56
2001-02-19,99.64
2001-02-20,99.52
2001-02-21,99.83
2001-02-22,99.78
2001-02-23,99.75
2001-02-26,100.14
2001-02-27,100.44
2001-02-28,100.05
2001-03-01,98.99
2001-03-02,98.82
2001-03-05,98.98
2001-03-06,99.51
2001-03-07,99.0
2001-03-08,98.94
2001-03-09,98.98
2001-03-12,98.93
2001-03-13,99.36
2001-03-14,99.03
2001-03-15,98.9
2001-03-16,98.73
2001-03-19,98.46
2001-03-20,98.83
2001-03-21,98.3
2001-03-22,98.53
2001-03-23,98.82
2001-03-26,99.42
2001-03-27,98.56
2001-03-28,98.73
2001-03-29,98.61
2001-03-30,98.48
2001-04-02,98.63
2001-04-03,98.14
2001-04-04,98.63
2001-04-05,98.01
2001-04-06,99.0
2001-04-09,98.81
2001-04-10,99.44
2001-04-11,99.09
2001-04-12,99.04
2001-04-13,99.04
2001-04-16,99.12
2001-04-17,99.39
2001-04-18,98.47
2001-04-19,99.74
2001-04-20,99.95
2001-04-23,99.88
2001-04-24,99.75
2001-04-25,99.81
2001-04-26,99.91
2001-04-27,100.3
2001-04-30,100.71
2001-05-01,100.63
2001-05-02,100.83
2001-05-03,100.71
2001-05-04,100.46
2001-05-07,100.12
2001-05-08,100.01
2001-05-09,100.35
2001-05-10,100.55
2001-05-11,99.86
2001-05-14,99.69
2001-05-15,99.94
2001-05-16,100.47
2001-05-17,100.55
2001-05-18,100.85
2001-05-21,100.85
2001-05-22,100.48
2001-05-23,100.16
2001-05-24,100.14
2001-05-25,100.29
2001-05-28,100.28
2001-05-29,100.81
2001-05-30,100.27
2001-05-31,100.4
2001-06-01,101.36
2001-06-04,101.12
2001-06-05,101.31
2001-06-06,101.94
2001-06-07,102.08
2001-06-08,102.08
2001-06-11,102.63
2001-06-12,102.01
2001-06-13,102.33
2001-06-14,101.94
2001-06-15,101.92
2001-06-18,101.24
2001-06-19,101.4
2001-06-20,101.67
2001-06-21,101.85
2001-06-22,101.6
2001-06-25,102.2
2001-06-26,102.45
2001-06-27,102.33
2001-06-28,102.18
2001-06-29,102.54
2001-07-02,102.54
2001-07-03,102.87
2001-07-04,103.07
2001-07-05,103.38
2001-07-06,102.67
2001-07-09,102.5
2001-07-10,102.42
2001-07-11,102.16
2001-07-12,102.14
2001-07-13,101.42
2001-07-16,101.4
2001-07-17,101.17
2001-07-18,101.16
2001-07-19,100.74
2001-07-20,100.43
2001-07-23,100.53
2001-07-24,100.84
2001-07-25,100.83
2001-07-26,101.16
2001-07-27,101.08
2001-07-30,101.45
2001-07-31,101.42
2001-08-01,101.03
2001-08-02,100.51
2001-08-03,100.88
2001-08-06,100.88
2001-08-07,101.01
2001-08-08,100.99
2001-08-09,100.47
2001-08-10,100.26
2001-08-13,100.32
2001-08-14,100.07
2001-08-15,100.54
2001-08-16,100.37
2001-08-17,99.67
2001-08-20,99.54
2001-08-21,99.29
2001-08-22,99.49
2001-08-23,99.63
2001-08-24,99.82
2001-08-27,99.76
2001-08-28,99.92
2001-08-29,99.49
2001-08-30,99.39
2001-08-31,99.38
2001-09-03,99.38
2001-09-04,99.44
2001-09-05,99.03
2001-09-06,99.11
2001-09-07,98.37
2001-09-10,98.71
2001-09-11,98.45
2001-09-12,98.96
2001-09-13,98.33
2001-09-14,98.38
2001-09-17,98.09
2001-09-18,97.96
2001-09-19,97.79
2001-09-20,97.9
2001-09-21,98.24
2001-09-24,98.27
2001-09-25,98.01
2001-09-26,97.94
2001-09-27,97.74
2001-09-28,97.77
2001-10-01,97.76
2001-10-02,98.49
2001-10-03,98.46
2001-10-04,98.63
2001-10-05,98.85
2001-10-08,98.85
2001-10-09,98.79
2001-10-10,98.54
2001-10-11,98.69
2001-10-12,98.69
2001-10-15,99.12
2001-10-16,98.84
2001-10-17,98.42
2001-10-18,98.03
2001-10-19,98.12
2001-10-22,98.17
2001-10-23,98.63
2001-10-24,98.41
2001-10-25,98.21
2001-10-26,98.41
2001-10-29,98.15
2001-10-30,97.9
2001-10-31,97.51
2001-11-01,97.1
2001-11-02,97.01
2001-11-05,96.83
2001-11-06,96.89
2001-11-07,96.81
2001-11-08,96.59
2001-11-09,96.31
2001-11-12,96.31
2001-11-13,96.82
2001-11-14,97.21
2001-11-15,97.58
2001-11-16,97.5
2001-11-19,97.84
2001-11-20,97.17
2001-11-21,96.76
2001-11-22,96.95
2001-11-23,97.03
2001-11-26,96.83
2001-11-27,97.17
2001-11-28,97.69
2001-11-29,97.88
2001-11-30,98.37
2001-12-03,98.18
2001-12-04,98.42
2001-12-05,98.54
2001-12-06,98.14
2001-12-07,98.43
2001-12-10,98.09
2001-12-11,98.05
2001-12-12,98.78
2001-12-13,98.57
2001-12-14,98.8
2001-12-17,98.73
2001-12-18,98.25
2001-12-19,98.21
2001-12-20,98.15
2001-12-21,97.93
2001-12-24,97.51
2001-12-25,97.51
2001-12-26,97.51
2001-12-27,97.45
2001-12-28,97.43
2001-12-31,97.43
2002-01-01,97.43
2002-01-02,96.95
2002-01-03,97.05
2002-01-04,97.04
2002-01-07,97.08
2002-01-08,97.37
2002-01-09,97.4
2002-01-10,97.08
2002-01-11,97.32
2002-01-14,97.22
2002-01-15,97.63
2002-01-16,97.52
2002-01-17,96.56
2002-01-18,96.41
2002-01-21,96.43
2002-01-22,96.81
2002-01-23,97.13
2002-01-24,97.33
2002-01-25,97.19
2002-01-28,96.95
2002-01-29,98.23
2002-01-30,98.17
2002-01-31,98.2
2002-02-01,98.27
2002-02-04,98.06
2002-02-05,97.74
2002-02-06,97.33
2002-02-07,97.7
2002-02-08,97.78
2002-02-11,98.03
2002-02-12,97.88
2002-02-13,97.99
2002-02-14,97.87
2002-02-15,97.9
2002-02-18,97.92
2002-02-19,98.07
2002-02-20,98.06
2002-02-21,98.03
2002-02-22,97.78
2002-02-25,97.37
2002-02-26,96.89
2002-02-27,97.11
2002-02-28,97.28
2002-03-01,97.79
2002-03-04,97.96
2002-03-05,97.92
2002-03-06,98.18
2002-03-07,97.96
2002-03-08,97.89
2002-03-11,97.95
2002-03-12,97.93
2002-03-13,97.51
2002-03-14,97.39
2002-03-15,97.83
2002-03-18,97.82
2002-03-19,98.16
2002-03-20,98.34
2002-03-21,98.25
2002-03-22,98.62
2002-03-25,98.17
2002-03-26,97.69
2002-03-27,97.66
2002-03-28,97.66
2002-03-29,97.66
2002-04-01,97.16
2002-04-02,97.59
2002-04-03,97.79
2002-04-04,97.59
2002-04-05,97.65
2002-04-08,97.47
2002-04-09,97.23
2002-04-10,97.42
2002-04-11,97.77
2002-04-12,97.86
2002-04-15,97.83
2002-04-16,98.31
2002-04-17,98.55
2002-04-18,98.48
2002-04-19,98.66
2002-04-22,98.63
2002-04-23,98.45
2002-04-24,98.88
2002-04-25,99.03
2002-04-26,99.0
2002-04-29,98.75
2002-04-30,98.73
2002-05-01,99.23
2002-05-02,99.07
2002-05-03,98.74
2002-05-06,98.48
2002-05-07,98.4
2002-05-08,98.57
2002-05-09,98.63
2002-05-10,99.31
2002-05-13,99.24
2002-05-14,99.46
2002-05-15,99.45
2002-05-16,99.5
2002-05-17,99.96
2002-05-20,99.96
2002-05-21,100.11
2002-05-22,100.17
2002-05-23,100.46
2002-05-24,100.4
2002-05-27,100.44
2002-05-28,100.54
2002-05-29,100.25
2002-05-30,100.14
2002-05-31,100.64
2002-06-03,100.54
2002-06-04,100.44
2002-06-05,100.2
2002-06-06,100.34
2002-06-07,100.37
2002-06-10,99.96
2002-06-11,99.98
2002-06-12,100.17
2002-06-13,99.85
2002-06-14,99.19
2002-06-17,99.29
2002-06-18,99.46
2002-06-19,99.55
2002-06-20,100.05
2002-06-21,100.51
2002-06-24,100.78
2002-06-25,100.56
2002-06-26,100.4
2002-06-27,100.92
2002-06-28,100.48
2002-07-01,100.48
2002-07-02,100.06
2002-07-03,99.85
2002-07-04,99.73
2002-07-05,100.32
2002-07-08,100.2
2002-07-09,100.37
2002-07-10,100.07
2002-07-11,99.77
2002-07-12,99.21
2002-07-15,98.54
2002-07-16,98.6
2002-07-17,98.34
2002-07-18,98.09
2002-07-19,98.25
2002-07-22,97.22
2002-07-23,96.17
2002-07-24,96.32
2002-07-25,96.52
2002-07-26,96.04
2002-07-29,97.15
2002-07-30,97.01
2002-07-31,96.57
2002-08-01,96.29
2002-08-02,96.01
2002-08-05,96.01
2002-08-06,96.29
2002-08-07,96.78
2002-08-08,96.84
2002-08-09,97.29
2002-08-12,97.11
2002-08-13,97.71
2002-08-14,97.47
2002-08-15,97.98
2002-08-16,97.79
2002-08-19,97.2
2002-08-20,97.19
2002-08-21,97.94
2002-08-22,98.39
2002-08-23,98.36
2002-08-26,98.24
2002-08-27,98.35
2002-08-28,97.92
2002-08-29,97.91
2002-08-30,97.94
2002-09-02,97.94
2002-09-03,98.02
2002-09-04,97.38
2002-09-05,97.35
2002-09-06,97.68
2002-09-09,97.58
2002-09-10,97.35
2002-09-11,97.22
2002-09-12,96.59
2002-09-13,96.63
2002-09-16,96.97
2002-09-17,97.28
2002-09-18,96.85
2002-09-19,97.52
2002-09-20,97.71
2002-09-23,97.2
2002-09-24,97.09
2002-09-25,97.4
2002-09-26,97.67
2002-09-27,97.66
2002-09-30,96.94
2002-10-01,96.92
2002-10-02,96.94
2002-10-03,96.64
2002-10-04,96.49
2002-10-07,96.78
2002-10-08,96.76
2002-10-09,96.67
2002-10-10,96.85
2002-10-11,97.03
2002-10-14,97.03
2002-10-15,97.23
2002-10-16,97.26
2002-10-17,98.12
2002-10-18,98.2
2002-10-21,98.39
2002-10-22,98.36
2002-10-23,98.28
2002-10-24,98.74
2002-10-25,98.24
2002-10-28,98.54
2002-10-29,98.41
2002-10-30,98.17
2002-10-31,98.46
2002-11-01,98.48
2002-11-04,98.66
2002-11-05,98.51
2002-11-06,98.44
2002-11-07,98.54
2002-11-08,97.62
2002-11-11,97.62
2002-11-12,97.09
2002-11-13,97.05
2002-11-14,97.21
2002-11-15,96.75
2002-11-18,96.17
2002-11-19,96.45
2002-11-20,96.69
2002-11-21,97.06
2002-11-22,97.0
2002-11-25,97.45
2002-11-26,97.6
2002-11-27,97.47
2002-11-28,97.44
2002-11-29,98.04
2002-12-02,98.53
2002-12-03,98.64
2002-12-04,98.67
2002-12-05,98.48
2002-12-06,97.98
2002-12-09,98.16
2002-12-10,98.25
2002-12-11,98.54
2002-12-12,98.43
2002-12-13,97.86
2002-12-16,97.71
2002-12-17,98.34
2002-12-18,98.16
2002-12-19,98.55
2002-12-20,98.13
2002-12-23,98.38
2002-12-24,98.38
2002-12-25,98.38
2002-12-26,98.38
2002-12-27,97.04
2002-12-30,96.25
2002-12-31,96.19
2003-01-01,96.19
2003-01-02,96.7
2003-01-03,97.08
2003-01-06,97.34
2003-01-07,97.42
2003-01-08,97.21
2003-01-09,97.71
2003-01-10,97.85
2003-01-13,98.4
2003-01-14,98.39
2003-01-15,98.67
2003-01-16,98.59
2003-01-17,98.59
2003-01-20,98.72
2003-01-21,98.9
2003-01-22,98.98
2003-01-23,99.38
2003-01-24,99.46
2003-01-27,99.37
2003-01-28,98.67
2003-01-29,99.45
2003-01-30,99.01
2003-01-31,99.23
2003-02-03,99.87
2003-02-04,100.08
2003-02-05,99.73
2003-02-06,99.65
2003-02-07,99.78
2003-02-10,99.33
2003-02-11,99.38
2003-02-12,99.53
2003-02-13,99.95
2003-02-14,100.01
2003-02-17,99.9
2003-02-18,100.25
2003-02-19,100.25
2003-02-20,100.82
2003-02-21,100.87
2003-02-24,101.53
2003-02-25,101.69
2003-02-26,101.56
2003-02-27,101.5
2003-02-28,102.1
2003-03-03,102.14
2003-03-04,102.67
2003-03-05,102.86
2003-03-06,102.94
2003-03-07,103.16
2003-03-10,103.18
2003-03-11,102.72
2003-03-12,102.7
2003-03-13,102.04
2003-03-14,102.44
2003-03-17,102.56
2003-03-18,102.93
2003-03-19,102.98
2003-03-20,103.04
2003-03-21,102.31
2003-03-24,102.87
2003-03-25,102.91
2003-03-26,103.38
2003-03-27,103.53
2003-03-28,103.46
2003-03-31,103.04
2003-04-01,102.8
2003-04-02,102.76
2003-04-03,102.85
2003-04-04,103.17
2003-04-07,102.42
2003-04-08,103.49
2003-04-09,103.47
2003-04-10,104.02
2003-04-11,104.51
2003-04-14,104.28
2003-04-15,104.33
2003-04-16,103.82
2003-04-17,104.11
2003-04-18,104.11
2003-04-21,103.94
2003-04-22,104.27
2003-04-23,103.99
2003-04-24,103.27
2003-04-25,103.68
2003-04-28,103.93
2003-04-29,104.09
2003-04-30,104.62
2003-05-01,105.54
2003-05-02,105.36
2003-05-05,105.95
2003-05-06,106.17
2003-05-07,106.63
2003-05-08,106.84
2003-05-09,106.96
2003-05-12,107.19
2003-05-13,107.13
2003-05-14,107.97
2003-05-15,108.28
2003-05-16,109.01
2003-05-19,109.01
2003-05-20,110.59
2003-05-21,110.17
2003-05-22,108.67
2003-05-23,107.75
2003-05-26,107.9
2003-05-27,108.05
2003-05-28,107.41
2003-05-29,107.92
2003-05-30,108.6
2003-06-02,108.59
2003-06-03,108.22
2003-06-04,109.66
2003-06-05,110.82
2003-06-06,109.99
2003-06-09,109.64
2003-06-10,109.17
2003-06-11,109.93
2003-06-12,110.2
2003-06-13,111.18
2003-06-16,110.81
2003-06-17,110.85
2003-06-18,111.53
2003-06-19,110.29
2003-06-20,109.55
2003-06-23,109.84
2003-06-24,109.59
2003-06-25,110.83
2003-06-26,110.32
2003-06-27,110.76
2003-06-30,110.15
2003-07-01,110.15
2003-07-02,111.54
2003-07-03,111.47
2003-07-04,111.1
2003-07-07,110.75
2003-07-08,109.34
2003-07-09,108.74
2003-07-10,108.06
2003-07-11,108.64
2003-07-14,108.76
2003-07-15,107.42
2003-07-16,108.05
2003-07-17,107.28
2003-07-18,106.11
2003-07-21,106.43
2003-07-22,106.07
2003-07-23,106.79
2003-07-24,107.07
2003-07-25,108.09
2003-07-28,108.07
2003-07-29,107.88
2003-07-30,107.0
2003-07-31,106.69
2003-08-01,107.5
2003-08-04,107.5
2003-08-05,106.87
2003-08-06,106.76
2003-08-07,107.51
2003-08-08,107.58
2003-08-11,108.29
2003-08-12,108.28
2003-08-13,108.43
2003-08-14,107.74
2003-08-15,108.23
2003-08-18,108.14
2003-08-19,107.42
2003-08-20,107.26
2003-08-21,107.07
2003-08-22,106.99
2003-08-25,107.89
2003-08-26,108.28
2003-08-27,107.61
2003-08-28,108.0
2003-08-29,108.77
2003-09-01,108.77
2003-09-02,108.7
2003-09-03,109.17
2003-09-04,109.73
2003-09-05,109.6
2003-09-08,109.56
2003-09-09,109.79
2003-09-10,109.9
2003-09-11,109.49
2003-09-12,109.97
2003-09-15,109.73
2003-09-16,109.57
2003-09-17,109.68
2003-09-18,109.73
2003-09-19,110.83
2003-09-22,110.42
2003-09-23,109.55
2003-09-24,109.74
2003-09-25,110.34
2003-09-26,109.8
2003-09-29,109.68
2003-09-30,109.93
2003-10-01,109.95
2003-10-02,110.8
2003-10-03,110.75
2003-10-06,110.61
2003-10-07,111.46
2003-10-08,111.03
2003-10-09,110.61
2003-10-10,111.97
2003-10-13,111.97
2003-10-14,112.01
2003-10-15,112.01
2003-10-16,112.77
2003-10-17,113.04
2003-10-20,112.46
2003-10-21,112.73
2003-10-22,113.52
2003-10-23,113.16
2003-10-24,113.21
2003-10-27,112.92
2003-10-28,112.94
2003-10-29,113.05
2003-10-30,113.21
2003-10-31,112.41
2003-11-03,111.63
2003-11-04,111.48
2003-11-05,111.59
2003-11-06,111.32
2003-11-07,112.14
2003-11-10,113.14
2003-11-11,113.14
2003-11-12,113.93
2003-11-13,113.95
2003-11-14,113.55
2003-11-17,112.78
2003-11-18,113.44
2003-11-19,113.41
2003-11-20,113.54
2003-11-21,113.37
2003-11-24,112.26
2003-11-25,112.92
2003-11-26,113.46
2003-11-27,113.13
2003-11-28,114.0
2003-12-01,113.6
2003-12-02,113.68
2003-12-03,113.44
2003-12-04,112.36
2003-12-05,112.84
2003-12-08,113.43
2003-12-09,112.23
2003-12-10,112.49
2003-12-11,110.96
2003-12-12,111.75
2003-12-15,111.89
2003-12-16,111.44
2003-12-17,110.75
2003-12-18,110.42
2003-12-19,109.57
2003-12-22,110.2
2003-12-23,110.82
2003-12-24,111.85
2003-12-25,111.85
2003-12-26,111.85
2003-12-29,111.79
2003-12-30,112.33
2003-12-31,113.18
2004-01-01,113.18
2004-01-02,113.27
2004-01-05,113.83
2004-01-06,113.53
2004-01-07,113.09
2004-01-08,113.72
2004-01-09,114.45
2004-01-12,114.03
2004-01-13,114.2
2004-01-14,112.96
2004-01-15,112.26
2004-01-16,112.59
2004-01-19,112.34
2004-01-20,113.4
2004-01-21,112.07
2004-01-22,112.25
2004-01-23,111.1
2004-01-26,111.03
2004-01-27,111.56
2004-01-28,110.17
2004-01-29,109.71
2004-01-30,110.17
2004-02-02,109.19
2004-02-03,109.1
2004-02-04,109.48
2004-02-05,109.58
2004-02-06,109.64
2004-02-09,109.5
2004-02-10,109.51
2004-02-11,110.21
2004-02-12,110.08
2004-02-13,110.53
2004-02-16,110.49
2004-02-17,110.77
2004-02-18,110.2
2004-02-19,109.68
2004-02-20,108.69
2004-02-23,109.34
2004-02-24,109.83
2004-02-25,109.41
2004-02-26,109.04
2004-02-27,109.25
2004-03-01,109.24
2004-03-02,109.32
2004-03-03,109.2
2004-03-04,110.26
2004-03-05,111.15
2004-03-08,110.89
2004-03-09,111.07
2004-03-10,110.72
2004-03-11,111.08
2004-03-12,109.96
2004-03-15,110.28
2004-03-16,110.08
2004-03-17,109.43
2004-03-18,110.01
2004-03-19,110.02
2004-03-22,110.11
2004-03-23,109.86
2004-03-24,109.4
2004-03-25,110.24
2004-03-26,111.17
2004-03-29,112.04
2004-03-30,112.06
2004-03-31,111.53
2004-04-01,111.37
2004-04-02,111.34
2004-04-05,111.62
2004-04-06,111.97
2004-04-07,111.51
2004-04-08,110.59
2004-04-09,110.59
2004-04-12,109.63
2004-04-13,110.11
2004-04-14,109.67
2004-04-15,109.47
2004-04-16,109.43
2004-04-19,109.31
2004-04-20,108.96
2004-04-21,108.74
2004-04-22,108.79
2004-04-23,108.63
2004-04-26,108.87
2004-04-27,109.14
2004-04-28,108.12
2004-04-29,107.92
2004-04-30,107.81
2004-05-03,107.65
2004-05-04,107.72
2004-05-05,107.22
2004-05-06,107.04
2004-05-07,107.06
2004-05-10,106.82
2004-05-11,107.34
2004-05-12,107.07
2004-05-13,106.63
2004-05-14,106.82
2004-05-17,107.2
2004-05-18,106.76
2004-05-19,107.69
2004-05-20,108.43
2004-05-21,107.97
2004-05-24,107.97
2004-05-25,107.54
2004-05-26,107.96
2004-05-27,108.59
2004-05-28,107.93
2004-05-31,108.12
2004-06-01,107.8
2004-06-02,108.27
2004-06-03,108.48
2004-06-04,109.24
2004-06-07,109.39
2004-06-08,109.31
2004-06-09,108.96
2004-06-10,108.69
2004-06-11,108.32
2004-06-14,108.09
2004-06-15,107.79
2004-06-16,107.34
2004-06-17,107.36
2004-06-18,108.06
2004-06-21,108.09
2004-06-22,108.58
2004-06-23,108.36
2004-06-24,109.58
2004-06-25,109.19
2004-06-28,109.65
2004-06-29,109.63
2004-06-30,110.09
2004-07-01,110.09
2004-07-02,111.0
2004-07-05,111.01
2004-07-06,110.96
2004-07-07,111.28
2004-07-08,111.63
2004-07-09,111.18
2004-07-12,111.31
2004-07-13,110.96
2004-07-14,111.13
2004-07-15,111.12
2004-07-16,112.13
2004-07-19,112.12
2004-07-20,112.09
2004-07-21,111.31
2004-07-22,112.13
2004-07-23,111.66
2004-07-26,110.81
2004-07-27,110.81
2004-07-28,111.22
2004-07-29,111.64
2004-07-30,111.25
2004-08-02,111.25
2004-08-03,112.02
2004-08-04,112.4
2004-08-05,112.22
2004-08-06,112.43
2004-08-09,111.87
2004-08-10,112.07
2004-08-11,111.38
2004-08-12,110.68
2004-08-13,112.35
2004-08-16,112.56
2004-08-17,112.48
2004-08-18,112.55
2004-08-19,113.34
2004-08-20,113.28
2004-08-23,112.73
2004-08-24,113.02
2004-08-25,113.17
2004-08-26,112.46
2004-08-27,112.65
2004-08-30,112.08
2004-08-31,111.84
2004-09-01,112.77
2004-09-02,113.46
2004-09-03,113.64
2004-09-06,113.64
2004-09-07,114.67
2004-09-08,114.3
2004-09-09,114.54
2004-09-10,114.36
2004-09-13,113.33
2004-09-14,114.0
2004-09-15,113.63
2004-09-16,114.29
2004-09-17,113.4
2004-09-20,113.87
2004-09-21,114.22
2004-09-22,114.85
2004-09-23,115.09
2004-09-24,115.38
2004-09-27,115.55
2004-09-28,115.4
2004-09-29,115.65
2004-09-30,116.17
2004-10-01,116.26
2004-10-04,115.64
2004-10-05,116.5
2004-10-06,116.8
2004-10-07,116.98
2004-10-08,117.16
2004-10-11,117.16
2004-10-12,116.81
2004-10-13,116.32
2004-10-14,117.17
2004-10-15,117.13
2004-10-18,116.86
2004-10-19,116.82
2004-10-20,117.68
2004-10-21,117.62
2004-10-22,118.06
2004-10-25,119.21
2004-10-26,119.06
2004-10-27,119.03
2004-10-28,119.54
2004-10-29,119.42
2004-11-01,119.26
2004-11-02,118.85
2004-11-03,120.16
2004-11-04,120.64
2004-11-05,121.16
2004-11-08,121.78
2004-11-09,121.45
2004-11-10,121.37
2004-11-11,121.37
2004-11-12,121.62
2004-11-15,120.55
2004-11-16,121.44
2004-11-17,121.27
2004-11-18,119.87
2004-11-19,121.23
2004-11-22,122.0
2004-11-23,121.69
2004-11-24,122.01
2004-11-25,121.92
2004-11-26,122.09
2004-11-29,121.36
2004-11-30,120.86
2004-12-01,121.11
2004-12-02,120.79
2004-12-03,119.64
2004-12-06,119.31
2004-12-07,118.66
2004-12-08,117.63
2004-12-09,117.65
2004-12-10,117.73
2004-12-13,117.21
2004-12-14,116.54
2004-12-15,117.46
2004-12-16,116.49
2004-12-17,117.35
2004-12-20,116.81
2004-12-21,117.13
2004-12-22,115.77
2004-12-23,116.11
2004-12-24,116.61
2004-12-27,116.61
2004-12-28,116.61
2004-12-29,117.94
2004-12-30,118.7
2004-12-31,118.98
2005-01-03,118.98
2005-01-04,117.54
2005-01-05,117.64
2005-01-06,116.71
2005-01-07,117.12
2005-01-10,118.29
2005-01-11,118.58
2005-01-12,119.87
2005-01-13,119.83
2005-01-14,118.06
2005-01-17,118.44
2005-01-18,117.94
2005-01-19,117.45
2005-01-20,117.14
2005-01-21,118.05
2005-01-24,117.55
2005-01-25,116.67
2005-01-26,117.04
2005-01-27,116.58
2005-01-28,116.05
2005-01-31,116.37
2005-02-01,116.26
2005-02-02,116.17
2005-02-03,116.07
2005-02-04,115.36
2005-02-07,115.09
2005-02-08,116.02
2005-02-09,115.7
2005-02-10,116.5
2005-02-11,116.78
2005-02-14,116.79
2005-02-15,116.85
2005-02-16,116.12
2005-02-17,117.11
2005-02-18,117.11
2005-02-21,116.71
2005-02-22,116.7
2005-02-23,116.01
2005-02-24,115.77
2005-02-25,115.87
2005-02-28,116.51
2005-03-01,115.59
2005-03-02,115.99
2005-03-03,115.52
2005-03-04,116.5
2005-03-07,116.89
2005-03-08,117.85
2005-03-09,118.82
2005-03-10,119.0
2005-03-11,118.92
2005-03-14,118.86
2005-03-15,119.04
2005-03-16,119.23
2005-03-17,119.45
2005-03-18,119.46
2005-03-21,118.89
2005-03-22,119.75
2005-03-23,119.06
2005-03-24,119.02
2005-03-25,119.02
2005-03-28,118.46
2005-03-29,119.35
2005-03-30,118.93
2005-03-31,119.5
2005-04-01,119.13
2005-04-04,118.74
2005-04-05,118.75
2005-04-06,118.54
2005-04-07,118.54
2005-04-08,118.11
2005-04-11,117.12
2005-04-12,116.63
2005-04-13,116.76
2005-04-14,116.58
2005-04-15,116.36
2005-04-18,115.67
2005-04-19,116.21
2005-04-20,116.24
2005-04-21,116.23
2005-04-22,116.6
2005-04-25,116.37
2005-04-26,115.62
2005-04-27,115.64
2005-04-28,115.3
2005-04-29,114.58
2005-05-02,114.81
2005-05-03,114.87
2005-05-04,115.06
2005-05-05,115.54
2005-05-06,115.88
2005-05-09,116.45
2005-05-10,116.51
2005-05-11,115.68
2005-05-12,115.68
2005-05-13,114.66
2005-05-16,114.03
2005-05-17,114.33
2005-05-18,114.68
2005-05-19,114.68
2005-05-20,114.82
2005-05-23,114.82
2005-05-24,114.88
2005-05-25,114.55
2005-05-26,114.35
2005-05-27,115.09
2005-05-30,115.42
2005-05-31,116.1
2005-06-01,116.67
2005-06-02,116.54
2005-06-03,116.44
2005-06-06,116.72
2005-06-07,116.41
2005-06-08,116.65
2005-06-09,115.9
2005-06-10,116.62
2005-06-13,116.09
2005-06-14,116.25
2005-06-15,117.56
2005-06-16,117.73
2005-06-17,117.75
2005-06-20,118.19
2005-06-21,118.22
2005-06-22,117.79
2005-06-23,118.36
2005-06-24,118.19
2005-06-27,118.32
2005-06-28,118.47
2005-06-29,118.9
2005-06-30,119.09
2005-07-01,119.09
2005-07-04,118.11
2005-07-05,117.84
2005-07-06,118.55
2005-07-07,119.31
2005-07-08,120.08
2005-07-11,120.67
2005-07-12,120.97
2005-07-13,121.05
2005-07-14,120.98
2005-07-15,119.78
2005-07-18,120.16
2005-07-19,120.09
2005-07-20,119.81
2005-07-21,119.54
2005-07-22,119.67
2005-07-25,119.64
2005-07-26,118.83
2005-07-27,118.38
2005-07-28,118.14
2005-07-29,118.86
2005-08-01,118.86
2005-08-02,119.89
2005-08-03,119.58
2005-08-04,119.57
2005-08-05,119.11
2005-08-08,119.59
2005-08-09,119.55
2005-08-10,119.61
2005-08-11,120.33
2005-08-12,121.17
2005-08-15,120.97
2005-08-16,120.91
2005-08-17,120.07
2005-08-18,119.35
2005-08-19,119.97
2005-08-22,120.69
2005-08-23,121.35
2005-08-24,121.69
2005-08-25,122.18
2005-08-26,121.5
2005-08-29,121.58
2005-08-30,122.17
2005-08-31,122.2
2005-09-01,122.26
2005-09-02,121.66
2005-09-05,121.66
2005-09-06,121.84
2005-09-07,122.0
2005-09-08,122.5
2005-09-09,123.05
2005-09-12,122.32
2005-09-13,123.02
2005-09-14,122.77
2005-09-15,122.48
2005-09-16,122.88
2005-09-19,124.4
2005-09-20,124.28
2005-09-21,124.26
2005-09-22,124.7
2005-09-23,124.46
2005-09-26,124.54
2005-09-27,123.95
2005-09-28,123.85
2005-09-29,124.43
2005-09-30,125.56
2005-10-03,125.36
2005-10-04,124.67
2005-10-05,123.78
2005-10-06,123.31
2005-10-07,124.13
2005-10-10,124.13
2005-10-11,124.25
2005-10-12,124.79
2005-10-13,123.73
2005-10-14,123.17
2005-10-17,123.86
2005-10-18,124.12
2005-10-19,124.28
2005-10-20,124.34
2005-10-21,123.66
2005-10-24,123.08
2005-10-25,124.05
2005-10-26,124.91
2005-10-27,124.83
2005-10-28,124.11
2005-10-31,123.96
2005-11-01,124.37
2005-11-02,123.85
2005-11-03,123.83
2005-11-04,124.29
2005-11-07,123.3
2005-11-08,123.47
2005-11-09,123.77
2005-11-10,123.64
2005-11-11,123.64
2005-11-14,122.95
2005-11-15,123.1
2005-11-16,123.42
2005-11-17,123.9
2005-11-18,123.52
2005-11-21,124.35
2005-11-22,124.97
2005-11-23,125.32
2005-11-24,125.37
2005-11-25,125.76
2005-11-28,125.93
2005-11-29,125.79
2005-11-30,125.76
2005-12-01,125.79
2005-12-02,126.39
2005-12-05,126.92
2005-12-06,126.88
2005-12-07,126.83
2005-12-08,126.73
2005-12-09,126.81
2005-12-12,127.32
2005-12-13,127.25
2005-12-14,126.77
2005-12-15,126.37
2005-12-16,126.47
2005-12-19,125.76
2005-12-20,124.98
2005-12-21,125.44
2005-12-22,125.59
2005-12-23,125.83
2005-12-26,125.83
2005-12-27,125.83
2005-12-28,126.12
2005-12-29,126.03
2005-12-30,125.85
2006-01-02,125.85
2006-01-03,126.41
2006-01-04,126.7
2006-01-05,125.5
2006-01-06,124.9
2006-01-09,124.51
2006-01-10,125.25
2006-01-11,125.63
2006-01-12,125.24
2006-01-13,125.32
2006-01-16,125.71
2006-01-17,125.19
2006-01-18,124.31
2006-01-19,124.93
2006-01-20,126.22
2006-01-23,126.07
2006-01-24,125.58
2006-01-25,126.43
2006-01-26,126.26
2006-01-27,126.76
2006-01-30,127.2
2006-01-31,127.03
2006-02-01,127.64
2006-02-02,127.4
2006-02-03,127.16
2006-02-06,127.34
2006-02-07,126.92
2006-02-08,126.59
2006-02-09,127.41
2006-02-10,126.39
2006-02-13,126.36
2006-02-14,126.36
2006-02-15,126.49
2006-02-16,126.09
2006-02-17,126.64
2006-02-20,126.98
2006-02-21,127.27
2006-02-22,127.15
2006-02-23,126.62
2006-02-24,126.61
2006-02-27,127.68
2006-02-28,127.94
2006-03-01,128.15
2006-03-02,128.54
2006-03-03,128.23
2006-03-06,127.82
2006-03-07,127.44
2006-03-08,126.39
2006-03-09,126.07
2006-03-10,126.08
2006-03-13,125.85
2006-03-14,126.25
2006-03-15,126.14
2006-03-16,126.09
2006-03-17,125.43
2006-03-20,125.11
2006-03-21,125.2
2006-03-22,125.14
2006-03-23,125.33
2006-03-24,125.1
2006-03-27,125.0
2006-03-28,124.85
2006-03-29,124.72
2006-03-30,125.51
2006-03-31,124.98
2006-04-03,124.45
2006-04-04,124.75
2006-04-05,125.22
2006-04-06,126.3
2006-04-07,127.33
2006-04-10,127.34
2006-04-11,127.35
2006-04-12,127.14
2006-04-13,126.71
2006-04-14,126.71
2006-04-17,127.08
2006-04-18,127.37
2006-04-19,127.78
2006-04-20,127.6
2006-04-21,127.73
2006-04-24,127.48
2006-04-25,128.08
2006-04-26,128.56
2006-04-27,128.73
2006-04-28,128.84
2006-05-01,129.56
2006-05-02,130.2
2006-05-03,130.1
2006-05-04,130.1
2006-05-05,129.86
2006-05-08,129.24
2006-05-09,130.28
2006-05-10,130.23
2006-05-11,130.38
2006-05-12,129.4
2006-05-15,129.03
2006-05-16,129.25
2006-05-17,129.35
2006-05-18,128.37
2006-05-19,128.3
2006-05-22,128.3
2006-05-23,128.83
2006-05-24,128.74
2006-05-25,130.29
2006-05-26,130.33
2006-05-29,130.58
2006-05-30,131.13
2006-05-31,130.83
2006-06-01,131.07
2006-06-02,130.95
2006-06-05,130.67
2006-06-06,129.48
2006-06-07,129.93
2006-06-08,129.04
2006-06-09,130.8
2006-06-12,131.89
2006-06-13,131.04
2006-06-14,130.39
2006-06-15,129.73
2006-06-16,129.12
2006-06-19,129.23
2006-06-20,129.97
2006-06-21,131.2
2006-06-22,129.88
2006-06-23,129.28
2006-06-26,129.25
2006-06-27,129.48
2006-06-28,129.2
2006-06-29,130.16
2006-06-30,129.53
2006-07-03,129.53
2006-07-04,130.36
2006-07-05,130.06
2006-07-06,129.92
2006-07-07,129.39
2006-07-10,128.16
2006-07-11,127.17
2006-07-12,127.2
2006-07-13,127.67
2006-07-14,128.32
2006-07-17,128.03
2006-07-18,127.92
2006-07-19,127.55
2006-07-20,127.46
2006-07-21,126.97
2006-07-24,126.67
2006-07-25,126.84
2006-07-26,127.12
2006-07-27,127.12
2006-07-28,127.56
2006-07-31,127.38
2006-08-01,127.43
2006-08-02,127.95
2006-08-03,128.02
2006-08-04,127.58
2006-08-07,127.58
2006-08-08,128.48
2006-08-09,128.38
2006-08-10,127.92
2006-08-11,128.61
2006-08-14,128.28
2006-08-15,128.4
2006-08-16,128.85
2006-08-17,128.81
2006-08-18,128.21
2006-08-21,128.53
2006-08-22,129.1
2006-08-23,129.75
2006-08-24,129.79
2006-08-25,130.27
2006-08-28,129.71
2006-08-29,129.85
2006-08-30,129.77
2006-08-31,130.27
2006-09-01,130.3
2006-09-04,130.3
2006-09-05,129.52
2006-09-06,130.4
2006-09-07,129.97
2006-09-08,129.11
2006-09-11,128.89
2006-09-12,129.23
2006-09-13,129.09
2006-09-14,129.36
2006-09-15,129.06
2006-09-18,129.31
2006-09-19,128.55
2006-09-20,128.03
2006-09-21,128.85
2006-09-22,129.08
2006-09-25,129.31
2006-09-26,129.38
2006-09-27,129.46
2006-09-28,130.02
2006-09-29,129.5
2006-10-02,129.34
2006-10-03,128.8
2006-10-04,128.02
2006-10-05,128.17
2006-10-06,128.48
2006-10-09,128.48
2006-10-10,128.03
2006-10-11,127.55
2006-10-12,127.52
2006-10-13,127.39
2006-10-16,127.08
2006-10-17,127.02
2006-10-18,127.11
2006-10-19,127.6
2006-10-20,128.35
2006-10-23,128.17
2006-10-24,128.23
2006-10-25,128.42
2006-10-26,128.09
2006-10-27,128.62
2006-10-30,128.08
2006-10-31,128.02
2006-11-01,127.01
2006-11-02,126.54
2006-11-03,127.51
2006-11-06,127.52
2006-11-07,127.44
2006-11-08,127.54
2006-11-09,127.3
2006-11-10,127.07
2006-11-13,127.07
2006-11-14,126.2
2006-11-15,126.32
2006-11-16,126.14
2006-11-17,125.58
2006-11-20,125.46
2006-11-21,125.44
2006-11-22,125.79
2006-11-23,125.66
2006-11-24,126.25
2006-11-27,126.38
2006-11-28,126.52
2006-11-29,125.94
2006-11-30,125.05
2006-12-01,124.57
2006-12-04,124.46
2006-12-05,124.74
2006-12-06,124.17
2006-12-07,124.06
2006-12-08,124.05
2006-12-11,124.4
2006-12-12,123.58
2006-12-13,123.64
2006-12-14,123.42
2006-12-15,123.5
2006-12-18,123.63
2006-12-19,123.64
2006-12-20,124.4
2006-12-21,123.87
2006-12-22,123.61
2006-12-25,123.61
2006-12-26,123.61
2006-12-27,123.22
2006-12-28,123.28
2006-12-29,122.61
2007-01-01,122.61
2007-01-02,122.46
2007-01-03,122.19
2007-01-04,121.66
2007-01-05,122.0
2007-01-08,121.74
2007-01-09,121.8
2007-01-10,122.03
2007-01-11,122.15
2007-01-12,122.73
2007-01-15,122.87
2007-01-16,122.25
2007-01-17,122.18
2007-01-18,122.08
2007-01-19,122.34
2007-01-22,121.99
2007-01-23,121.33
2007-01-24,121.29
2007-01-25,121.69
2007-01-26,121.75
2007-01-29,121.57
2007-01-30,121.55
2007-01-31,121.66
2007-02-01,121.89
2007-02-02,121.13
2007-02-05,121.28
2007-02-06,121.16
2007-02-07,120.78
2007-02-08,120.83
2007-02-09,122.09
2007-02-12,122.16
2007-02-13,122.66
2007-02-14,122.65
2007-02-15,122.79
2007-02-16,122.81
2007-02-19,122.81
2007-02-20,122.25
2007-02-21,123.23
2007-02-22,123.17
2007-02-23,123.47
2007-02-26,123.32
2007-02-27,122.71
2007-02-28,122.11
2007-03-01,122.04
2007-03-02,121.59
2007-03-05,121.16
2007-03-06,121.61
2007-03-07,121.27
2007-03-08,121.19
2007-03-09,122.14
2007-03-12,122.23
2007-03-13,122.22
2007-03-14,121.49
2007-03-15,121.42
2007-03-16,121.47
2007-03-19,121.37
2007-03-20,122.47
2007-03-21,123.07
2007-03-22,122.9
2007-03-23,122.76
2007-03-26,122.43
2007-03-27,122.89
2007-03-28,122.91
2007-03-29,122.97
2007-03-30,123.41
2007-04-02,123.02
2007-04-03,122.94
2007-04-04,122.81
2007-04-05,123.5
2007-04-06,123.5
2007-04-09,123.49
2007-04-10,123.85
2007-04-11,124.14
2007-04-12,125.01
2007-04-13,124.74
2007-04-16,125.49
2007-04-17,125.55
2007-04-18,125.55
2007-04-19,125.54
2007-04-20,126.22
2007-04-23,126.2
2007-04-24,126.17
2007-04-25,126.99
2007-04-26,126.53
2007-04-27,127.06
2007-04-30,127.95
2007-05-01,127.82
2007-05-02,127.87
2007-05-03,128.09
2007-05-04,128.04
2007-05-07,128.46
2007-05-08,128.29
2007-05-09,128.04
2007-05-10,128.05
2007-05-11,127.3
2007-05-14,128.03
2007-05-15,128.96
2007-05-16,128.5
2007-05-17,129.2
2007-05-18,130.27
2007-05-21,130.27
2007-05-22,130.57
2007-05-23,130.98
2007-05-24,130.85
2007-05-25,131.31
2007-05-28,131.3
2007-05-29,132.24
2007-05-30,131.93
2007-05-31,132.47
2007-06-01,133.63
2007-06-04,133.86
2007-06-05,133.5
2007-06-06,133.84
2007-06-07,133.64
2007-06-08,133.83
2007-06-11,133.87
2007-06-12,133.6
2007-06-13,133.32
2007-06-14,133.07
2007-06-15,132.97
2007-06-18,132.35
2007-06-19,133.25
2007-06-20,133.18
2007-06-21,132.23
2007-06-22,132.85
2007-06-25,132.39
2007-06-26,132.6
2007-06-27,132.34
2007-06-28,133.28
2007-06-29,133.15
2007-07-02,133.15
2007-07-03,133.28
2007-07-04,133.58
2007-07-05,133.73
2007-07-06,134.79
2007-07-09,134.79
2007-07-10,133.99
2007-07-11,133.41
2007-07-12,134.5
2007-07-13,134.3
2007-07-16,134.87
2007-07-17,134.79
2007-07-18,134.67
2007-07-19,134.8
2007-07-20,134.57
2007-07-23,134.36
2007-07-24,135.35
2007-07-25,134.93
2007-07-26,133.92
2007-07-27,133.08
2007-07-30,131.8
2007-07-31,132.06
2007-08-01,133.26
2007-08-02,133.76
2007-08-03,133.55
2007-08-06,133.55
2007-08-07,133.41
2007-08-08,134.03
2007-08-09,133.36
2007-08-10,133.84
2007-08-13,134.33
2007-08-14,132.9
2007-08-15,131.78
2007-08-16,131.97
2007-08-17,133.13
2007-08-20,133.79
2007-08-21,133.53
2007-08-22,133.17
2007-08-23,133.79
2007-08-24,134.12
2007-08-27,134.17
2007-08-28,132.95
2007-08-29,133.18
2007-08-30,133.54
2007-08-31,133.54
2007-09-03,133.54
2007-09-04,134.47
2007-09-05,134.18
2007-09-06,133.75
2007-09-07,133.4
2007-09-10,133.52
2007-09-11,134.68
2007-09-12,135.29
2007-09-13,135.96
2007-09-14,136.51
2007-09-17,136.36
2007-09-18,137.29
2007-09-19,138.21
2007-09-20,139.56
2007-09-21,139.73
2007-09-24,139.63
2007-09-25,139.58
2007-09-26,139.1
2007-09-27,139.27
2007-09-28,139.98
2007-10-01,140.4
2007-10-02,139.48
2007-10-03,140.18
2007-10-04,139.88
2007-10-05,142.19
2007-10-08,142.19
2007-10-09,141.82
2007-10-10,142.16
2007-10-11,143.09
2007-10-12,143.26
2007-10-15,142.92
2007-10-16,142.71
2007-10-17,143.19
2007-10-18,143.02
2007-10-19,144.39
2007-10-22,142.11
2007-10-23,143.88
2007-10-24,143.28
2007-10-25,143.68
2007-10-26,144.25
2007-10-29,145.23
2007-10-30,145.37
2007-10-31,145.85
2007-11-01,145.82
2007-11-02,147.98
2007-11-05,148.3
2007-11-06,149.59
2007-11-07,150.48
2007-11-08,148.21
2007-11-09,146.88
2007-11-12,146.88
2007-11-13,143.31
2007-11-14,143.73
2007-11-15,140.89
2007-11-16,142.06
2007-11-19,140.5
2007-11-20,140.07
2007-11-21,139.39
2007-11-22,140.03
2007-11-23,139.48
2007-11-26,139.54
2007-11-27,138.43
2007-11-28,139.36
2007-11-29,138.95
2007-11-30,138.04
2007-12-03,138.08
2007-12-04,136.59
2007-12-05,136.41
2007-12-06,136.56
2007-12-07,137.44
2007-12-10,136.64
2007-12-11,136.57
2007-12-12,136.6
2007-12-13,135.33
2007-12-14,136.8
2007-12-17,137.86
2007-12-18,137.44
2007-12-19,138.22
2007-12-20,139.19
2007-12-21,139.72
2007-12-24,140.69
2007-12-25,140.69
2007-12-26,140.69
2007-12-27,141.12
2007-12-28,141.24
2007-12-31,139.94
2008-01-01,139.94
2008-01-02,138.91
2008-01-03,139.1
2008-01-04,137.79
2008-01-07,137.19
2008-01-08,137.96
2008-01-09,136.82
2008-01-10,135.93
2008-01-11,134.97
2008-01-14,134.56
2008-01-15,135.09
2008-01-16,134.51
2008-01-17,133.78
2008-01-18,133.91
2008-01-21,133.86
2008-01-22,134.52
2008-01-23,134.09
2008-01-24,136.61
2008-01-25,137.06
2008-01-28,136.82
2008-01-29,137.72
2008-01-30,138.26
2008-01-31,136.88
2008-02-01,137.91
2008-02-04,138.1
2008-02-05,136.94
2008-02-06,137.13
2008-02-07,136.19
2008-02-08,137.87
2008-02-11,137.48
2008-02-12,138.09
2008-02-13,137.78
2008-02-14,137.94
2008-02-15,137.23
2008-02-18,136.51
2008-02-19,135.08
2008-02-20,134.9
2008-02-21,135.93
2008-02-22,134.93
2008-02-25,137.37
2008-02-26,138.84
2008-02-27,139.4
2008-02-28,140.02
2008-02-29,138.87
2008-03-03,137.81
2008-03-04,136.56
2008-03-05,137.33
2008-03-06,137.86
2008-03-07,137.06
2008-03-10,136.15
2008-03-11,136.59
2008-03-12,137.01
2008-03-13,137.51
2008-03-14,137.12
2008-03-17,135.35
2008-03-18,135.78
2008-03-19,134.86
2008-03-20,132.04
2008-03-21,132.04
2008-03-24,133.01
2008-03-25,132.93
2008-03-26,132.57
2008-03-27,132.96
2008-03-28,132.61
2008-03-31,131.28
2008-04-01,131.75
2008-04-02,132.94
2008-04-03,134.05
2008-04-04,133.79
2008-04-07,133.58
2008-04-08,133.1
2008-04-09,132.33
2008-04-10,132.51
2008-04-11,131.98
2008-04-14,131.96
2008-04-15,132.41
2008-04-16,134.19
2008-04-17,133.11
2008-04-18,133.94
2008-04-21,134.0
2008-04-22,134.13
2008-04-23,132.2
2008-04-24,133.41
2008-04-25,133.08
2008-04-28,133.1
2008-04-29,133.6
2008-04-30,134.16
2008-05-01,132.98
2008-05-02,133.15
2008-05-05,133.85
2008-05-06,134.96
2008-05-07,135.59
2008-05-08,133.81
2008-05-09,134.87
2008-05-12,135.04
2008-05-13,135.61
2008-05-14,135.62
2008-05-15,135.79
2008-05-16,135.86
2008-05-19,135.86
2008-05-20,136.22
2008-05-21,137.18
2008-05-22,137.07
2008-05-23,136.59
2008-05-26,136.44
2008-05-27,136.09
2008-05-28,136.45
2008-05-29,137.18
2008-05-30,136.13
2008-06-02,135.1
2008-06-03,134.7
2008-06-04,133.52
2008-06-05,132.82
2008-06-06,132.67
2008-06-09,132.26
2008-06-10,132.5
2008-06-11,133.27
2008-06-12,132.8
2008-06-13,132.19
2008-06-16,132.91
2008-06-17,132.91
2008-06-18,133.08
2008-06-19,133.76
2008-06-20,133.01
2008-06-23,133.4
2008-06-24,133.55
2008-06-25,133.63
2008-06-26,133.48
2008-06-27,133.38
2008-06-30,132.55
2008-07-01,132.55
2008-07-02,133.16
2008-07-03,132.44
2008-07-04,133.09
2008-07-07,133.03
2008-07-08,132.53
2008-07-09,133.56
2008-07-10,133.57
2008-07-11,133.42
2008-07-14,133.8
2008-07-15,134.16
2008-07-16,134.24
2008-07-17,134.31
2008-07-18,133.89
2008-07-21,134.29
2008-07-22,133.51
2008-07-23,133.56
2008-07-24,133.28
2008-07-25,132.57
2008-07-28,131.8
2008-07-29,131.55
2008-07-30,131.8
2008-07-31,131.58
2008-08-01,131.63
2008-08-04,131.63
2008-08-05,129.68
2008-08-06,129.32
2008-08-07,129.01
2008-08-08,127.62
2008-08-11,127.78
2008-08-12,128.39
2008-08-13,128.23
2008-08-14,128.78
2008-08-15,129.24
2008-08-18,129.18
2008-08-19,129.17
2008-08-20,128.92
2008-08-21,130.59
2008-08-22,130.86
2008-08-25,130.82
2008-08-26,130.98
2008-08-27,130.82
2008-08-28,130.35
2008-08-29,129.23
2008-09-01,129.23
2008-09-02,128.86
2008-09-03,130.03
2008-09-04,129.91
2008-09-05,130.05
2008-09-08,129.59
2008-09-09,129.74
2008-09-10,129.41
2008-09-11,128.94
2008-09-12,130.7
2008-09-15,129.91
2008-09-16,129.45
2008-09-17,128.91
2008-09-18,129.59
2008-09-19,132.18
2008-09-22,132.64
2008-09-23,133.03
2008-09-24,133.38
2008-09-25,133.59
2008-09-26,133.63
2008-09-29,133.61
2008-09-30,131.66
2008-10-01,131.53
2008-10-02,130.11
2008-10-03,129.71
2008-10-06,128.16
2008-10-07,128.03
2008-10-08,126.7
2008-10-09,123.49
2008-10-10,119.75
2008-10-13,119.75
2008-10-14,121.87
2008-10-15,120.3
2008-10-16,119.48
2008-10-17,120.44
2008-10-20,119.04
2008-10-21,117.45
2008-10-22,115.61
2008-10-23,114.72
2008-10-24,113.36
2008-10-27,111.94
2008-10-28,111.81
2008-10-29,116.58
2008-10-30,117.1
2008-10-31,117.95
2008-11-03,120.88
2008-11-04,124.16
2008-11-05,123.12
2008-11-06,121.62
2008-11-07,121.3
2008-11-10,120.27
2008-11-11,120.27
2008-11-12,117.49
2008-11-13,117.66
2008-11-14,117.81
2008-11-17,118.29
2008-11-18,118.2
2008-11-19,117.14
2008-11-20,113.15
2008-11-21,113.41
2008-11-24,118.12
2008-11-25,118.06
2008-11-26,117.03
2008-11-27,116.92
2008-11-28,116.93
2008-12-01,117.21
2008-12-02,116.64
2008-12-03,115.36
2008-12-04,115.52
2008-12-05,112.22
2008-12-08,114.95
2008-12-09,114.69
2008-12-10,114.86
2008-12-11,117.45
2008-12-12,115.2
2008-12-15,115.44
2008-12-16,116.22
2008-12-17,116.94
2008-12-18,118.02
2008-12-19,115.63
2008-12-22,116.54
2008-12-23,116.86
2008-12-24,117.24
2008-12-25,117.24
2008-12-26,117.24
2008-12-29,116.53
2008-12-30,116.29
2008-12-31,116.18
2009-01-01,116.18
2009-01-02,117.6
2009-01-05,119.9
2009-01-06,120.82
2009-01-07,119.95
2009-01-08,119.75
2009-01-09,119.76
2009-01-12,118.55
2009-01-13,117.18
2009-01-14,116.16
2009-01-15,114.21
2009-01-16,114.53
2009-01-19,114.92
2009-01-20,114.55
2009-01-21,113.34
2009-01-22,114.29
2009-01-23,115.93
2009-01-26,117.97
2009-01-27,117.15
2009-01-28,118.88
2009-01-29,118.4
2009-01-30,117.08
2009-02-02,116.92
2009-02-03,117.17
2009-02-04,117.93
2009-02-05,117.6
2009-02-06,116.59
2009-02-09,118.09
2009-02-10,117.1
2009-02-11,116.53
2009-02-12,116.23
2009-02-13,116.52
2009-02-16,116.74
2009-02-17,115.75
2009-02-18,116.02
2009-02-19,115.84
2009-02-20,116.55
2009-02-23,116.69
2009-02-24,117.31
2009-02-25,116.66
2009-02-26,117.61
2009-02-27,115.55
2009-03-02,114.41
2009-03-03,114.0
2009-03-04,115.33
2009-03-05,114.45
2009-03-06,114.32
2009-03-09,113.39
2009-03-10,114.75
2009-03-11,114.48
2009-03-12,113.54
2009-03-13,114.57
2009-03-16,114.2
2009-03-17,114.31
2009-03-18,114.14
2009-03-19,116.3
2009-03-20,116.34
2009-03-23,116.9
2009-03-24,117.5
2009-03-25,117.59
2009-03-26,116.77
2009-03-27,116.64
2009-03-30,115.25
2009-03-31,114.87
2009-04-01,114.32
2009-04-02,116.13
2009-04-03,116.46
2009-04-06,115.74
2009-04-07,116.66
2009-04-08,116.44
2009-04-09,117.2
2009-04-10,117.2
2009-04-13,117.41
2009-04-14,118.54
2009-04-15,119.32
2009-04-16,118.98
2009-04-17,118.46
2009-04-20,116.95
2009-04-21,116.59
2009-04-22,116.5
2009-04-23,117.16
2009-04-24,118.56
2009-04-27,118.87
2009-04-28,117.87
2009-04-29,119.44
2009-04-30,120.32
2009-05-01,121.02
2009-05-04,121.4
2009-05-05,121.47
2009-05-06,121.81
2009-05-07,121.76
2009-05-08,122.95
2009-05-11,122.54
2009-05-12,121.64
2009-05-13,121.69
2009-05-14,121.27
2009-05-15,120.9
2009-05-18,120.9
2009-05-19,122.47
2009-05-20,123.52
2009-05-21,123.8
2009-05-22,125.46
2009-05-25,125.2
2009-05-26,125.95
2009-05-27,126.9
2009-05-28,127.04
2009-05-29,128.4
2009-06-01,129.21
2009-06-02,129.66
2009-06-03,128.09
2009-06-04,127.95
2009-06-05,126.75
2009-06-08,126.16
2009-06-09,127.97
2009-06-10,127.38
2009-06-11,128.41
2009-06-12,126.2
2009-06-15,124.88
2009-06-16,124.67
2009-06-17,124.41
2009-06-18,125.23
2009-06-19,124.97
2009-06-22,122.57
2009-06-23,122.12
2009-06-24,123.04
2009-06-25,122.01
2009-06-26,122.18
2009-06-29,121.64
2009-06-30,121.26
2009-07-01,121.26
2009-07-02,121.47
2009-07-03,121.37
2009-07-06,121.57
2009-07-07,121.36
2009-07-08,121.35
2009-07-09,121.41
2009-07-10,121.41
2009-07-13,122.62
2009-07-14,124.35
2009-07-15,125.9
2009-07-16,126.12
2009-07-17,126.07
2009-07-20,126.94
2009-07-21,126.76
2009-07-22,127.82
2009-07-23,129.05
2009-07-24,129.49
2009-07-27,129.56
2009-07-28,129.05
2009-07-29,129.22
2009-07-30,129.98
2009-07-31,129.76
2009-08-03,129.76
2009-08-04,130.72
2009-08-05,130.29
2009-08-06,129.88
2009-08-07,129.31
2009-08-10,129.29
2009-08-11,127.68
2009-08-12,128.85
2009-08-13,128.85
2009-08-14,127.55
2009-08-17,126.69
2009-08-18,127.01
2009-08-19,127.49
2009-08-20,128.31
2009-08-21,129.39
2009-08-24,130.08
2009-08-25,129.68
2009-08-26,127.58
2009-08-27,127.9
2009-08-28,128.67
2009-08-31,127.65
2009-09-01,127.32
2009-09-02,126.85
2009-09-03,127.1
2009-09-04,128.64
2009-09-07,128.64
2009-09-08,129.56
2009-09-09,129.24
2009-09-10,128.92
2009-09-11,129.47
2009-09-14,128.27
2009-09-15,129.35
2009-09-16,130.24
2009-09-17,130.87
2009-09-18,129.63
2009-09-21,129.15
2009-09-22,129.98
2009-09-23,129.52
2009-09-24,128.01
2009-09-25,127.44
2009-09-28,128.05
2009-09-29,128.17
2009-09-30,129.65
2009-10-01,129.31
2009-10-02,128.43
2009-10-05,129.29
2009-10-06,131.17
2009-10-07,130.69
2009-10-08,131.35
2009-10-09,132.95
2009-10-12,132.95
2009-10-13,134.34
2009-10-14,134.13
2009-10-15,133.95
2009-10-16,132.94
2009-10-19,133.9
2009-10-20,131.56
2009-10-21,132.4
2009-10-22,131.6
2009-10-23,131.37
2009-10-26,130.22
2009-10-27,130.15
2009-10-28,128.93
2009-10-29,129.33
2009-10-30,128.54
2009-11-02,128.82
2009-11-03,129.67
2009-11-04,130.0
2009-11-05,129.93
2009-11-06,129.04
2009-11-09,130.52
2009-11-10,131.16
2009-11-11,131.16
2009-11-12,131.41
2009-11-13,131.25
2009-11-16,131.57
2009-11-17,130.24
2009-11-18,131.07
2009-11-19,129.62
2009-11-20,129.01
2009-11-23,130.56
2009-11-24,129.85
2009-11-25,130.79
2009-11-26,129.89
2009-11-27,129.57
2009-11-30,130.08
2009-12-01,131.58
2009-12-02,131.14
2009-12-03,130.17
2009-12-04,130.92
2009-12-07,131.12
2009-12-08,130.2
2009-12-09,130.93
2009-12-10,131.39
2009-12-11,130.78
2009-12-14,130.42
2009-12-15,130.37
2009-12-16,130.71
2009-12-17,129.84
2009-12-18,130.25
2009-12-21,131.27
2009-12-22,132.01
2009-12-23,132.8
2009-12-24,132.6
2009-12-25,132.6
2009-12-28,132.6
2009-12-29,133.75
2009-12-30,132.28
2009-12-31,132.99
2010-01-01,132.99
2010-01-04,133.74
2010-01-05,133.67
2010-01-06,134.14
2010-01-07,134.16
2010-01-08,134.06
2010-01-11,133.97
2010-01-12,133.22
2010-01-13,134.01
2010-01-14,134.76
2010-01-15,134.53
2010-01-18,134.91
2010-01-19,134.14
2010-01-20,132.64
2010-01-21,132.5
2010-01-22,131.67
2010-01-25,131.4
2010-01-26,131.15
2010-01-27,130.67
2010-01-28,131.05
2010-01-29,131.21
2010-02-01,131.13
2010-02-02,131.46
2010-02-03,131.64
2010-02-04,130.35
2010-02-05,130.86
2010-02-08,131.06
2010-02-09,130.82
2010-02-10,131.21
2010-02-11,133.1
2010-02-12,132.99
2010-02-15,133.57
2010-02-16,134.0
2010-02-17,133.82
2010-02-18,133.98
2010-02-19,134.49
2010-02-22,134.19
2010-02-23,133.13
2010-02-24,132.66
2010-02-25,131.28
2010-02-26,132.68
2010-03-01,134.26
2010-03-02,135.34
2010-03-03,135.47
2010-03-04,135.54
2010-03-05,135.76
2010-03-08,135.77
2010-03-09,136.22
2010-03-10,136.21
2010-03-11,135.92
2010-03-12,136.71
2010-03-15,136.53
2010-03-16,137.2
2010-03-17,137.6
2010-03-18,137.5
2010-03-19,137.52
2010-03-22,137.04
2010-03-23,137.14
2010-03-24,136.42
2010-03-25,137.56
2010-03-26,136.23
2010-03-29,137.09
2010-03-30,137.29
2010-03-31,137.45
2010-04-01,138.45
2010-04-02,138.45
2010-04-05,139.23
2010-04-06,139.66
2010-04-07,139.22
2010-04-08,139.36
2010-04-09,138.61
2010-04-12,139.0
2010-04-13,138.89
2010-04-14,139.56
2010-04-15,138.99
2010-04-16,137.26
2010-04-19,136.75
2010-04-20,139.62
2010-04-21,139.67
2010-04-22,139.48
2010-04-23,139.22
2010-04-26,139.37
2010-04-27,137.4
2010-04-28,138.44
2010-04-29,139.01
2010-04-30,138.05
2010-05-03,138.11
2010-05-04,137.4
2010-05-05,137.16
2010-05-06,135.46
2010-05-07,135.54
2010-05-10,137.37
2010-05-11,138.24
2010-05-12,138.26
2010-05-13,138.98
2010-05-14,136.84
2010-05-17,136.48
2010-05-18,137.25
2010-05-19,135.34
2010-05-20,133.7
2010-05-21,134.35
2010-05-24,134.35
2010-05-25,132.55
2010-05-26,134.0
2010-05-27,135.49
2010-05-28,135.39
2010-05-31,136.08
2010-06-01,135.9
2010-06-02,137.03
2010-06-03,136.72
2010-06-04,135.89
2010-06-07,135.84
2010-06-08,136.01
2010-06-09,137.39
2010-06-10,137.88
2010-06-11,138.0
2010-06-14,138.53
2010-06-15,137.91
2010-06-16,138.58
2010-06-17,137.8
2010-06-18,138.33
2010-06-21,138.53
2010-06-22,138.72
2010-06-23,135.94
2010-06-24,135.63
2010-06-25,136.51
2010-06-28,136.82
2010-06-29,134.71
2010-06-30,133.59
2010-07-01,133.59
2010-07-02,132.7
2010-07-05,132.67
2010-07-06,134.34
2010-07-07,133.99
2010-07-08,134.94
2010-07-09,136.4
2010-07-12,135.91
2010-07-13,136.77
2010-07-14,136.4
2010-07-15,134.9
2010-07-16,133.28
2010-07-19,133.04
2010-07-20,133.46
2010-07-21,134.77
2010-07-22,135.21
2010-07-23,135.29
2010-07-26,135.82
2010-07-27,135.22
2010-07-28,135.2
2010-07-29,134.89
2010-07-30,135.74
2010-08-02,135.74
2010-08-03,136.13
2010-08-04,136.8
2010-08-05,137.13
2010-08-06,135.4
2010-08-09,135.57
2010-08-10,134.86
2010-08-11,133.83
2010-08-12,134.24
2010-08-13,134.84
2010-08-16,134.19
2010-08-17,135.57
2010-08-18,135.88
2010-08-19,134.6
2010-08-20,133.64
2010-08-23,133.53
2010-08-24,132.89
2010-08-25,132.1
2010-08-26,133.09
2010-08-27,133.07
2010-08-30,133.07
2010-08-31,132.1
2010-09-01,133.55
2010-09-02,133.2
2010-09-03,134.38
2010-09-06,134.38
2010-09-07,134.46
2010-09-08,135.2
2010-09-09,135.59
2010-09-10,135.12
2010-09-13,135.7
2010-09-14,136.1
2010-09-15,135.55
2010-09-16,135.64
2010-09-17,134.86
2010-09-20,135.4
2010-09-21,134.83
2010-09-22,134.13
2010-09-23,134.31
2010-09-24,134.63
2010-09-27,134.56
2010-09-28,133.76
2010-09-29,133.7
2010-09-30,133.9
2010-10-01,134.61
2010-10-04,134.51
2010-10-05,135.08
2010-10-06,136.11
2010-10-07,134.88
2010-10-08,135.12
2010-10-11,135.12
2010-10-12,135.58
2010-10-13,136.36
2010-10-14,136.03
2010-10-15,135.12
2010-10-18,134.66
2010-10-19,133.14
2010-10-20,133.51
2010-10-21,133.69
2010-10-22,133.5
2010-10-25,134.01
2010-10-26,133.98
2010-10-27,133.07
2010-10-28,134.26
2010-10-29,134.31
2010-11-01,135.04
2010-11-02,135.27
2010-11-03,135.4
2010-11-04,135.75
2010-11-05,136.14
2010-11-08,136.34
2010-11-09,136.43
2010-11-10,136.72
2010-11-11,136.72
2010-11-12,136.01
2010-11-15,136.49
2010-11-16,134.67
2010-11-17,134.83
2010-11-18,135.08
2010-11-19,134.63
2010-11-22,134.96
2010-11-23,134.75
2010-11-24,136.54
2010-11-25,136.84
2010-11-26,135.89
2010-11-29,135.7
2010-11-30,135.08
2010-12-01,136.21
2010-12-02,137.53
2010-12-03,136.96
2010-12-06,137.09
2010-12-07,136.56
2010-12-08,136.83
2010-12-09,136.91
2010-12-10,136.89
2010-12-13,137.23
2010-12-14,137.2
2010-12-15,137.58
2010-12-16,137.54
2010-12-17,136.68
2010-12-20,135.94
2010-12-21,135.88
2010-12-22,136.22
2010-12-23,136.84
2010-12-24,137.18
2010-12-27,137.18
2010-12-28,137.18
2010-12-29,137.76
2010-12-30,137.43
2010-12-31,137.92
2011-01-03,137.92
2011-01-04,137.6
2011-01-05,138.39
2011-01-06,138.64
2011-01-07,139.02
2011-01-10,139.2
2011-01-11,139.38
2011-01-12,139.54
2011-01-13,139.0
2011-01-14,138.59
2011-01-17,139.13
2011-01-18,138.24
2011-01-19,137.69
2011-01-20,137.13
2011-01-21,137.61
2011-01-24,137.61
2011-01-25,136.99
2011-01-26,137.28
2011-01-27,137.54
2011-01-28,137.01
2011-01-31,136.42
2011-02-01,137.41
2011-02-02,137.92
2011-02-03,137.8
2011-02-04,137.94
2011-02-07,138.17
2011-02-08,137.63
2011-02-09,137.32
2011-02-10,137.4
2011-02-11,138.38
2011-02-14,138.64
2011-02-15,138.64
2011-02-16,138.96
2011-02-17,138.92
2011-02-18,138.87
2011-02-21,138.8
2011-02-22,138.65
2011-02-23,137.61
2011-02-24,138.64
2011-02-25,139.1
2011-02-28,139.99
2011-03-01,139.83
2011-03-02,139.88
2011-03-03,139.61
2011-03-04,139.99
2011-03-07,139.65
2011-03-08,140.16
2011-03-09,140.49
2011-03-10,140.1
2011-03-11,139.85
2011-03-14,139.3
2011-03-15,138.44
2011-03-16,137.26
2011-03-17,137.47
2011-03-18,137.99
2011-03-21,138.78
2011-03-22,138.74
2011-03-23,138.16
2011-03-24,139.02
2011-03-25,138.67
2011-03-28,139.12
2011-03-29,139.18
2011-03-30,139.74
2011-03-31,139.48
2011-04-01,140.68
2011-04-04,139.94
2011-04-05,140.56
2011-04-06,141.11
2011-04-07,141.07
2011-04-08,141.11
2011-04-11,141.36
2011-04-12,140.31
2011-04-13,139.99
2011-04-14,140.08
2011-04-15,140.18
2011-04-18,139.48
2011-04-19,140.92
2011-04-20,141.19
2011-04-21,140.94
2011-04-22,140.94
2011-04-25,140.77
2011-04-26,141.18
2011-04-27,140.53
2011-04-28,140.72
2011-04-29,140.89
2011-05-02,140.71
2011-05-03,140.87
2011-05-04,139.69
2011-05-05,138.87
2011-05-06,139.63
2011-05-09,139.31
2011-05-10,139.92
2011-05-11,140.45
2011-05-12,139.58
2011-05-13,139.09
2011-05-16,139.07
2011-05-17,138.28
2011-05-18,138.73
2011-05-19,139.07
2011-05-20,138.58
2011-05-23,138.58
2011-05-24,138.31
2011-05-25,138.39
2011-05-26,137.67
2011-05-27,137.66
2011-05-30,137.77
2011-05-31,138.69
2011-06-01,138.24
2011-06-02,137.26
2011-06-03,137.2
2011-06-06,137.01
2011-06-07,137.55
2011-06-08,137.21
2011-06-09,137.96
2011-06-10,137.85
2011-06-13,137.69
2011-06-14,138.76
2011-06-15,137.93
2011-06-16,137.29
2011-06-17,137.52
2011-06-20,137.69
2011-06-21,138.32
2011-06-22,138.22
2011-06-23,137.72
2011-06-24,137.0
2011-06-27,136.86
2011-06-28,137.15
2011-06-29,138.53
2011-06-30,139.19
2011-07-01,139.19
2011-07-04,139.68
2011-07-05,139.7
2011-07-06,139.19
2011-07-07,140.12
2011-07-08,139.62
2011-07-11,139.48
2011-07-12,139.52
2011-07-13,140.3
2011-07-14,140.23
2011-07-15,140.99
2011-07-18,140.17
2011-07-19,141.4
2011-07-20,141.66
2011-07-21,141.68
2011-07-22,140.87
2011-07-25,141.67
2011-07-26,141.32
2011-07-27,141.2
2011-07-28,141.14
2011-07-29,140.14
2011-08-01,140.14
2011-08-02,139.81
2011-08-03,138.97
2011-08-04,137.76
2011-08-05,136.76
2011-08-08,136.08
2011-08-09,136.25
2011-08-10,135.96
2011-08-11,136.16
2011-08-12,136.2
2011-08-15,136.4
2011-08-16,136.66
2011-08-17,136.47
2011-08-18,135.78
2011-08-19,136.27
2011-08-22,135.72
2011-08-23,135.91
2011-08-24,136.07
2011-08-25,136.73
2011-08-26,136.4
2011-08-29,137.28
2011-08-30,137.23
2011-08-31,137.16
2011-09-01,137.76
2011-09-02,137.12
2011-09-05,137.12
2011-09-06,136.53
2011-09-07,136.75
2011-09-08,137.23
2011-09-09,136.3
2011-09-12,136.75
2011-09-13,137.64
2011-09-14,137.6
2011-09-15,137.94
2011-09-16,138.83
2011-09-19,138.3
2011-09-20,137.81
2011-09-21,137.28
2011-09-22,133.79
2011-09-23,134.13
2011-09-26,133.37
2011-09-27,134.73
2011-09-28,134.34
2011-09-29,132.99
2011-09-30,132.88
2011-10-03,132.57
2011-10-04,130.69
2011-10-05,132.25
2011-10-06,132.21
2011-10-07,133.0
2011-10-10,133.0
2011-10-11,133.29
2011-10-12,134.6
2011-10-13,133.81
2011-10-14,134.73
2011-10-17,134.71
2011-10-18,134.83
2011-10-19,135.0
2011-10-20,134.52
2011-10-21,135.59
2011-10-24,135.99
2011-10-25,134.53
2011-10-26,135.26
2011-10-27,136.46
2011-10-28,136.1
2011-10-31,137.0
2011-11-01,134.49
2011-11-02,135.07
2011-11-03,135.11
2011-11-04,134.36
2011-11-07,134.51
2011-11-08,134.78
2011-11-09,134.77
2011-11-10,134.65
2011-11-11,134.65
2011-11-14,134.7
2011-11-15,134.2
2011-11-16,134.64
2011-11-17,134.41
2011-11-18,134.06
2011-11-21,132.87
2011-11-22,133.13
2011-11-23,132.2
2011-11-24,132.33
2011-11-25,132.48
2011-11-28,134.17
2011-11-29,134.33
2011-11-30,135.08
2011-12-01,135.22
2011-12-02,135.47
2011-12-05,135.58
2011-12-06,136.06
2011-12-07,136.2
2011-12-08,135.32
2011-12-09,135.12
2011-12-12,134.74
2011-12-13,134.78
2011-12-14,133.65
2011-12-15,134.33
2011-12-16,133.54
2011-12-19,133.91
2011-12-20,134.67
2011-12-21,134.74
2011-12-22,135.68
2011-12-23,135.77
2011-12-26,135.77
2011-12-27,135.77
2011-12-28,135.76
2011-12-29,136.0
2011-12-30,136.28
2012-01-02,136.28
2012-01-03,136.85
2012-01-04,136.43
2012-01-05,136.03
2012-01-06,135.65
2012-01-09,135.09
2012-01-10,136.24
2012-01-11,136.11
2012-01-12,135.74
2012-01-13,135.32
2012-01-16,136.25
2012-01-17,136.52
2012-01-18,136.14
2012-01-19,136.49
2012-01-20,135.84
2012-01-23,136.43
2012-01-24,136.39
2012-01-25,136.14
2012-01-26,137.32
2012-01-27,136.79
2012-01-30,136.69
2012-01-31,136.48
2012-02-01,137.11
2012-02-02,136.87
2012-02-03,137.46
2012-02-06,137.26
2012-02-07,137.18
2012-02-08,136.89
2012-02-09,137.31
2012-02-10,136.6
2012-02-13,136.72
2012-02-14,137.05
2012-02-15,137.44
2012-02-16,137.61
2012-02-17,137.43
2012-02-20,137.79
2012-02-21,137.45
2012-02-22,136.99
2012-02-23,137.1
2012-02-24,136.88
2012-02-27,137.0
2012-02-28,137.25
2012-02-29,138.61
2012-03-01,138.91
2012-03-02,138.63
2012-03-05,138.03
2012-03-06,137.31
2012-03-07,137.53
2012-03-08,138.28
2012-03-09,138.86
2012-03-12,138.47
2012-03-13,138.82
2012-03-14,139.05
2012-03-15,138.7
2012-03-16,138.7
2012-03-19,139.01
2012-03-20,138.5
2012-03-21,138.59
2012-03-22,137.58
2012-03-23,137.72
2012-03-26,138.38
2012-03-27,138.25
2012-03-28,137.69
2012-03-29,137.56
2012-03-30,137.45
2012-04-02,138.37
2012-04-03,138.43
2012-04-04,138.23
2012-04-05,138.79
2012-04-06,138.79
2012-04-09,138.18
2012-04-10,137.61
2012-04-11,137.36
2012-04-12,138.36
2012-04-13,138.18
2012-04-16,137.65
2012-04-17,139.46
2012-04-18,139.26
2012-04-19,139.02
2012-04-20,139.01
2012-04-23,138.88
2012-04-24,139.45
2012-04-25,139.96
2012-04-26,139.97
2012-04-27,140.2
2012-04-30,139.1
2012-05-01,139.7
2012-05-02,139.17
2012-05-03,139.58
2012-05-04,138.56
2012-05-07,138.89
2012-05-08,138.26
2012-05-09,138.25
2012-05-10,138.26
2012-05-11,139.0
2012-05-14,138.71
2012-05-15,138.8
2012-05-16,138.02
2012-05-17,137.13
2012-05-18,136.6
2012-05-21,136.6
2012-05-22,136.87
2012-05-23,136.3
2012-05-24,136.23
2012-05-25,136.19
2012-05-28,136.61
2012-05-29,136.59
2012-05-30,136.43
2012-05-31,135.84
2012-06-01,135.41
2012-06-04,134.72
2012-06-05,134.89
2012-06-06,136.09
2012-06-07,136.65
2012-06-08,135.73
2012-06-11,136.3
2012-06-12,136.55
2012-06-13,136.32
2012-06-14,136.63
2012-06-15,136.4
2012-06-18,136.2
2012-06-19,136.95
2012-06-20,136.82
2012-06-21,136.41
2012-06-22,136.53
2012-06-25,136.11
2012-06-26,136.49
2012-06-27,136.5
2012-06-28,135.53
2012-06-29,136.62
2012-07-02,136.62
2012-07-03,137.39
2012-07-04,137.59
2012-07-05,137.8
2012-07-06,137.22
2012-07-09,137.02
2012-07-10,137.01
2012-07-11,137.19
2012-07-12,137.18
2012-07-13,137.8
2012-07-16,137.55
2012-07-17,137.76
2012-07-18,137.95
2012-07-19,138.45
2012-07-20,138.16
2012-07-23,137.77
2012-07-24,137.53
2012-07-25,137.73
2012-07-26,138.32
2012-07-27,138.57
2012-07-30,139.08
2012-07-31,139.2
2012-08-01,139.18
2012-08-02,138.97
2012-08-03,139.41
2012-08-06,139.41
2012-08-07,139.66
2012-08-08,139.92
2012-08-09,140.34
2012-08-10,140.36
2012-08-13,140.16
2012-08-14,140.47
2012-08-15,140.88
2012-08-16,140.96
2012-08-17,141.01
2012-08-20,140.85
2012-08-21,140.98
2012-08-22,140.08
2012-08-23,139.79
2012-08-24,140.06
2012-08-27,140.53
2012-08-28,140.86
2012-08-29,140.85
2012-08-30,140.26
2012-08-31,140.83
2012-09-03,140.83
2012-09-04,140.83
2012-09-05,140.2
2012-09-06,141.22
2012-09-07,141.45
2012-09-10,141.68
2012-09-11,142.05
2012-09-12,141.51
2012-09-13,141.49
2012-09-14,141.48
2012-09-17,141.4
2012-09-18,141.28
2012-09-19,141.16
2012-09-20,141.01
2012-09-21,141.09
2012-09-24,140.63
2012-09-25,140.91
2012-09-26,140.13
2012-09-27,140.35
2012-09-28,140.05
2012-10-01,140.07
2012-10-02,140.01
2012-10-03,139.58
2012-10-04,139.99
2012-10-05,140.72
2012-10-08,140.72
2012-10-09,140.86
2012-10-10,140.89
2012-10-11,140.84
2012-10-12,140.54
2012-10-15,140.74
2012-10-16,139.57
2012-10-17,140.16
2012-10-18,140.09
2012-10-19,138.56
2012-10-22,138.47
2012-10-23,138.78
2012-10-24,138.63
2012-10-25,138.61
2012-10-26,137.99
2012-10-29,137.95
2012-10-30,137.86
2012-10-31,137.89
2012-11-01,138.23
2012-11-02,138.51
2012-11-05,138.65
2012-11-06,138.93
2012-11-07,138.53
2012-11-08,138.41
2012-11-09,138.24
2012-11-12,138.24
2012-11-13,138.11
2012-11-14,138.14
2012-11-15,138.14
2012-11-16,138.2
2012-11-19,138.79
2012-11-20,138.7
2012-11-21,138.66
2012-11-22,138.65
2012-11-23,139.1
2012-11-26,138.77
2012-11-27,138.96
2012-11-28,139.13
2012-11-29,139.04
2012-11-30,138.92
2012-12-03,138.87
2012-12-04,138.85
2012-12-05,139.06
2012-12-06,139.19
2012-12-07,139.49
2012-12-10,139.7
2012-12-11,139.66
2012-12-12,139.8
2012-12-13,139.93
2012-12-14,139.68
2012-12-17,139.89
2012-12-18,139.61
2012-12-19,139.37
2012-12-20,139.23
2012-12-21,138.65
2012-12-24,139.18
2012-12-25,139.18
2012-12-26,139.18
2012-12-27,138.71
2012-12-28,138.6
2012-12-31,138.68
2013-01-01,138.68
2013-01-02,139.74
2013-01-03,139.93
2013-01-04,140.14
2013-01-07,139.96
2013-01-08,139.82
2013-01-09,139.87
2013-01-10,139.66
2013-01-11,139.84
2013-01-14,139.82
2013-01-15,139.84
2013-01-16,139.75
2013-01-17,139.66
2013-01-18,138.66
2013-01-21,138.77
2013-01-22,138.64
2013-01-23,137.88
2013-01-24,137.36
2013-01-25,136.73
2013-01-28,136.93
2013-01-29,137.3
2013-01-30,137.18
2013-01-31,137.73
2013-02-01,137.72
2013-02-04,138.14
2013-02-05,138.14
2013-02-06,138.45
2013-02-07,138.2
2013-02-08,137.81
2013-02-11,137.26
2013-02-12,137.63
2013-02-13,137.75
2013-02-14,138.02
2013-02-15,137.17
2013-02-18,137.17
2013-02-19,136.51
2013-02-20,135.99
2013-02-21,135.98
2013-02-22,135.5
2013-02-25,134.96
2013-02-26,134.93
2013-02-27,135.2
2013-02-28,134.75
2013-03-01,135.04
2013-03-04,134.85
2013-03-05,134.83
2013-03-06,134.58
2013-03-07,134.72
2013-03-08,135.21
2013-03-11,135.22
2013-03-12,135.26
2013-03-13,135.09
2013-03-14,135.27
2013-03-15,135.94
2013-03-18,135.79
2013-03-19,135.13
2013-03-20,135.12
2013-03-21,135.44
2013-03-22,135.56
2013-03-25,135.76
2013-03-26,136.44
2013-03-27,136.57
2013-03-28,136.62
2013-03-29,136.62
2013-04-01,136.36
2013-04-02,136.61
2013-04-03,136.79
2013-04-04,137.0
2013-04-05,135.98
2013-04-08,136.01
2013-04-09,136.3
2013-04-10,136.48
2013-04-11,136.88
2013-04-12,136.54
2013-04-15,135.61
2013-04-16,135.18
2013-04-17,134.95
2013-04-18,135.11
2013-04-19,135.04
2013-04-22,135.17
2013-04-23,135.26
2013-04-24,135.2
2013-04-25,135.95
2013-04-26,136.15
2013-04-29,136.43
2013-04-30,137.11
2013-05-01,136.99
2013-05-02,137.19
2013-05-03,137.18
2013-05-06,137.36
2013-05-07,137.58
2013-05-08,137.69
2013-05-09,137.73
2013-05-10,137.16
2013-05-13,137.39
2013-05-14,136.87
2013-05-15,136.85
2013-05-16,136.91
2013-05-17,135.8
2013-05-20,135.8
2013-05-21,135.48
2013-05-22,134.96
2013-05-23,135.2
2013-05-24,135.06
2013-05-27,134.89
2013-05-28,134.63
2013-05-29,134.61
2013-05-30,135.4
2013-05-31,135.14
2013-06-03,135.43
2013-06-04,134.75
2013-06-05,134.77
2013-06-06,135.9
2013-06-07,136.14
2013-06-10,136.77
2013-06-11,136.58
2013-06-12,136.1
2013-06-13,136.44
2013-06-14,136.2
2013-06-17,136.35
2013-06-18,136.04
2013-06-19,136.28
2013-06-20,134.9
2013-06-21,134.0
2013-06-24,133.27
2013-06-25,133.35
2013-06-26,133.97
2013-06-27,133.72
2013-06-28,133.31
2013-07-01,133.31
2013-07-02,133.17
2013-07-03,133.34
2013-07-04,133.46
2013-07-05,133.2
2013-07-08,133.01
2013-07-09,133.6
2013-07-10,133.72
2013-07-11,134.77
2013-07-12,134.77
2013-07-15,134.45
2013-07-16,134.41
2013-07-17,133.92
2013-07-18,134.43
2013-07-19,134.72
2013-07-22,134.86
2013-07-23,135.25
2013-07-24,135.48
2013-07-25,135.66
2013-07-26,135.43
2013-07-29,135.85
2013-07-30,135.58
2013-07-31,135.8
2013-08-01,135.31
2013-08-02,134.51
2013-08-05,134.51
2013-08-06,134.31
2013-08-07,133.73
2013-08-08,134.34
2013-08-09,134.98
2013-08-12,135.1
2013-08-13,134.92
2013-08-14,135.16
2013-08-15,135.01
2013-08-16,134.87
2013-08-19,135.23
2013-08-20,134.55
2013-08-21,134.04
2013-08-22,133.28
2013-08-23,132.91
2013-08-26,133.12
2013-08-27,133.38
2013-08-28,133.57
2013-08-29,133.33
2013-08-30,133.06
2013-09-02,133.06
2013-09-03,133.48
2013-09-04,133.87
2013-09-05,133.87
2013-09-06,134.88
2013-09-09,135.01
2013-09-10,135.12
2013-09-11,135.22
2013-09-12,135.33
2013-09-13,135.12
2013-09-16,135.14
2013-09-17,135.45
2013-09-18,135.18
2013-09-19,135.56
2013-09-20,134.98
2013-09-23,135.04
2013-09-24,134.99
2013-09-25,135.0
2013-09-26,134.86
2013-09-27,135.12
2013-09-30,135.28
2013-10-01,134.62
2013-10-02,134.48
2013-10-03,134.56
2013-10-04,134.73
2013-10-07,134.76
2013-10-08,134.46
2013-10-09,133.82
2013-10-10,133.83
2013-10-11,133.79
2013-10-14,133.79
2013-10-15,133.93
2013-10-16,134.19
2013-10-17,134.47
2013-10-18,134.43
2013-10-21,134.5
2013-10-22,134.42
2013-10-23,133.11
2013-10-24,132.66
2013-10-25,132.25
2013-10-28,132.34
2013-10-29,132.43
2013-10-30,132.29
2013-10-31,133.04
2013-11-01,133.22
2013-11-04,133.41
2013-11-05,133.2
2013-11-06,133.5
2013-11-07,133.46
2013-11-08,133.07
2013-11-11,133.07
2013-11-12,132.93
2013-11-13,133.17
2013-11-14,132.75
2013-11-15,133.15
2013-11-18,133.31
2013-11-19,132.82
2013-11-20,133.27
2013-11-21,132.7
2013-11-22,132.18
2013-11-25,132.05
2013-11-26,132.11
2013-11-27,131.58
2013-11-28,131.55
2013-11-29,131.51
2013-12-02,131.27
2013-12-03,130.82
2013-12-04,130.43
2013-12-05,130.87
2013-12-06,130.47
2013-12-09,130.56
2013-12-10,130.69
2013-12-11,130.91
2013-12-12,130.76
2013-12-13,131.31
2013-12-16,131.42
2013-12-17,131.02
2013-12-18,130.67
2013-12-19,130.52
2013-12-20,130.46
2013-12-23,131.37
2013-12-24,131.25
2013-12-25,131.25
2013-12-26,131.25
2013-12-27,130.23
2013-12-30,130.81
2013-12-31,130.93
2014-01-01,130.93
2014-01-02,131.17
2014-01-03,131.44
2014-01-06,130.88
2014-01-07,129.88
2014-01-08,129.22
2014-01-09,128.72
2014-01-10,127.6
2014-01-13,128.09
2014-01-14,127.36
2014-01-15,127.62
2014-01-16,127.89
2014-01-17,127.45
2014-01-20,127.4
2014-01-21,127.37
2014-01-22,126.28
2014-01-23,125.47
2014-01-24,126.29
2014-01-27,125.89
2014-01-28,125.27
2014-01-29,125.25
2014-01-30,125.2
2014-01-31,125.85
2014-02-03,126.41
2014-02-04,126.52
2014-02-05,125.91
2014-02-06,126.13
2014-02-07,126.76
2014-02-10,126.34
2014-02-11,126.58
2014-02-12,126.99
2014-02-13,127.07
2014-02-14,126.87
2014-02-17,126.87
2014-02-18,127.15
2014-02-19,126.14
2014-02-20,125.64
2014-02-21,125.33
2014-02-24,126.0
2014-02-25,125.75
2014-02-26,125.58
2014-02-27,125.21
2014-02-28,125.81
2014-03-03,125.74
2014-03-04,125.53
2014-03-05,126.15
2014-03-06,126.84
2014-03-07,125.52
2014-03-10,125.42
2014-03-11,125.67
2014-03-12,125.15
2014-03-13,125.84
2014-03-14,125.52
2014-03-17,125.95
2014-03-18,125.57
2014-03-19,124.55
2014-03-20,124.17
2014-03-21,124.76
2014-03-24,124.38
2014-03-25,124.81
2014-03-26,125.13
2014-03-27,126.04
2014-03-28,125.98
2014-03-31,126.03
2014-04-01,126.27
2014-04-02,126.34
2014-04-03,126.47
2014-04-04,126.96
2014-04-07,126.93
2014-04-08,127.18
2014-04-09,127.46
2014-04-10,127.22
2014-04-11,126.7
2014-04-14,126.71
2014-04-15,126.68
2014-04-16,126.11
2014-04-17,126.45
2014-04-18,126.45
2014-04-21,126.27
2014-04-22,126.23
2014-04-23,126.2
2014-04-24,126.26
2014-04-25,126.11
2014-04-28,126.21
2014-04-29,127.02
2014-04-30,126.97
2014-05-01,126.86
2014-05-02,126.72
2014-05-05,126.87
2014-05-06,127.45
2014-05-07,127.37
2014-05-08,127.81
2014-05-09,127.52
2014-05-12,127.71
2014-05-13,127.63
2014-05-14,127.63
2014-05-15,127.72
2014-05-16,127.7
2014-05-19,127.7
2014-05-20,127.52
2014-05-21,127.18
2014-05-22,127.59
2014-05-23,127.96
2014-05-26,128.12
2014-05-27,128.09
2014-05-28,128.13
2014-05-29,128.36
2014-05-30,128.04
2014-06-02,127.89
2014-06-03,127.67
2014-06-04,127.44
2014-06-05,127.37
2014-06-06,127.29
2014-06-09,127.67
2014-06-10,127.67
2014-06-11,128.19
2014-06-12,128.29
2014-06-13,128.15
2014-06-16,128.34
2014-06-17,128.49
2014-06-18,128.25
2014-06-19,128.53
2014-06-20,129.37
2014-06-23,129.71
2014-06-24,129.67
2014-06-25,129.82
2014-06-26,129.98
2014-06-27,130.26
2014-06-30,130.09
2014-07-01,130.09
2014-07-02,130.26
2014-07-03,130.79
2014-07-04,130.71
2014-07-07,130.45
2014-07-08,130.25
2014-07-09,130.51
2014-07-10,130.47
2014-07-11,129.72
2014-07-14,129.68
2014-07-15,129.25
2014-07-16,129.47
2014-07-17,129.46
2014-07-18,129.67
2014-07-21,129.65
2014-07-22,129.55
2014-07-23,129.59
2014-07-24,129.64
2014-07-25,128.8
2014-07-28,128.97
2014-07-29,128.48
2014-07-30,127.97
2014-07-31,128.32
2014-08-01,127.95
2014-08-04,127.95
2014-08-05,127.46
2014-08-06,127.95
2014-08-07,128.01
2014-08-08,127.2
2014-08-11,127.7
2014-08-12,127.61
2014-08-13,127.76
2014-08-14,127.87
2014-08-15,127.85
2014-08-18,128.07
2014-08-19,127.68
2014-08-20,127.63
2014-08-21,127.65
2014-08-22,127.74
2014-08-25,127.44
2014-08-26,127.76
2014-08-27,128.38
2014-08-28,128.82
2014-08-29,128.8
2014-09-01,128.8
2014-09-02,128.24
2014-09-03,128.75
2014-09-04,129.19
2014-09-05,128.81
2014-09-08,128.41
2014-09-09,127.76
2014-09-10,128.48
2014-09-11,127.54
2014-09-12,127.13
2014-09-15,127.47
2014-09-16,128.03
2014-09-17,128.56
2014-09-18,128.82
2014-09-19,128.71
2014-09-22,128.28
2014-09-23,127.69
2014-09-24,127.44
2014-09-25,127.41
2014-09-26,126.92
2014-09-29,127.27
2014-09-30,126.62
2014-10-01,127.1
2014-10-02,127.16
2014-10-03,126.37
2014-10-06,127.02
2014-10-07,126.85
2014-10-08,126.88
2014-10-09,127.03
2014-10-10,126.88
2014-10-13,126.88
2014-10-14,126.09
2014-10-15,125.42
2014-10-16,125.66
2014-10-17,125.9
2014-10-20,125.54
2014-10-21,126.23
2014-10-22,126.39
2014-10-23,126.28
2014-10-24,126.46
2014-10-27,126.11
2014-10-28,126.7
2014-10-29,127.05
2014-10-30,126.7
2014-10-31,126.22
2014-11-03,126.02
2014-11-04,125.1
2014-11-05,125.51
2014-11-06,125.18
2014-11-07,125.88
2014-11-10,125.99
2014-11-11,125.99
2014-11-12,126.7
2014-11-13,126.04
2014-11-14,126.69
2014-11-17,126.62
2014-11-18,126.49
2014-11-19,126.11
2014-11-20,126.61
2014-11-21,127.54
2014-11-24,127.12
2014-11-25,127.25
2014-11-26,127.47
2014-11-27,126.48
2014-11-28,125.79
2014-12-01,126.61
2014-12-02,126.32
2014-12-03,126.92
2014-12-04,126.63
2014-12-05,126.58
2014-12-08,126.17
2014-12-09,126.37
2014-12-10,125.79
2014-12-11,125.5
2014-12-12,125.36
2014-12-15,124.46
2014-12-16,124.4
2014-12-17,124.4
2014-12-18,124.97
2014-12-19,124.83
2014-12-22,124.67
2014-12-23,125.13
2014-12-24,125.17
2014-12-25,125.17
2014-12-26,125.17
2014-12-29,125.06
2014-12-30,125.31
2014-12-31,125.35
2015-01-01,125.35
2015-01-02,124.3
2015-01-05,123.99
2015-01-06,123.61
2015-01-07,123.32
2015-01-08,123.53
2015-01-09,122.89
2015-01-12,122.17
2015-01-13,121.96
2015-01-14,121.71
2015-01-15,122.11
2015-01-16,121.67
2015-01-19,121.84
2015-01-20,120.78
2015-01-21,117.91
2015-01-22,118.04
2015-01-23,118.03
2015-01-26,118.01
2015-01-27,117.87
2015-01-28,117.6
2015-01-29,116.15
2015-01-30,115.62
2015-02-02,116.78
2015-02-03,117.66
2015-02-04,116.81
2015-02-05,117.94
2015-02-06,117.36
2015-02-09,118.02
2015-02-10,117.43
2015-02-11,116.69
2015-02-12,117.87
2015-02-13,117.95
2015-02-16,117.95
2015-02-17,118.49
2015-02-18,118.17
2015-02-19,117.78
2015-02-20,117.7
2015-02-23,117.06
2015-02-24,116.82
2015-02-25,118.39
2015-02-26,117.98
2015-02-27,117.85
2015-03-02,117.71
2015-03-03,118.38
2015-03-04,118.91
2015-03-05,118.7
2015-03-06,117.97
2015-03-09,118.22
2015-03-10,118.23
2015-03-11,117.18
2015-03-12,117.69
2015-03-13,117.05
2015-03-16,117.25
2015-03-17,117.17
2015-03-18,117.05
2015-03-19,117.13
2015-03-20,117.98
2015-03-23,118.37
2015-03-24,118.4
2015-03-25,118.25
2015-03-26,118.87
2015-03-27,118.0
2015-03-30,117.23
2015-03-31,117.29
2015-04-01,117.77
2015-04-02,117.81
2015-04-03,117.81
2015-04-06,118.6
2015-04-07,118.69
2015-04-08,118.47
2015-04-09,118.13
2015-04-10,118.23
2015-04-13,118.36
2015-04-14,119.18
2015-04-15,120.32
2015-04-16,121.55
2015-04-17,121.36
2015-04-20,121.71
2015-04-21,121.0
2015-04-22,121.28
2015-04-23,122.13
2015-04-24,121.76
2015-04-27,122.31
2015-04-28,122.84
2015-04-29,123.2
2015-04-30,121.91
2015-05-01,121.32
2015-05-04,122.22
2015-05-05,122.74
2015-05-06,122.68
2015-05-07,121.6
2015-05-08,121.94
2015-05-11,122.09
2015-05-12,123.1
2015-05-13,123.14
2015-05-14,122.6
2015-05-15,122.25
2015-05-18,122.25
2015-05-19,120.96
2015-05-20,121.09
2015-05-21,121.1
2015-05-22,120.48
2015-05-25,120.45
2015-05-26,119.59
2015-05-27,119.14
2015-05-28,119.23
2015-05-29,119.23
2015-06-01,118.66
2015-06-02,119.45
2015-06-03,119.07
2015-06-04,118.86
2015-06-05,119.18
2015-06-08,119.47
2015-06-09,120.36
2015-06-10,120.63
2015-06-11,120.34
2015-06-12,120.3
2015-06-15,120.16
2015-06-16,120.14
2015-06-17,120.41
2015-06-18,120.81
2015-06-19,120.31
2015-06-22,120.16
2015-06-23,120.16
2015-06-24,119.42
2015-06-25,120.06
2015-06-26,120.11
2015-06-29,119.84
2015-06-30,118.96
2015-07-01,118.96
2015-07-02,118.28
2015-07-03,118.25
2015-07-06,117.82
2015-07-07,117.07
2015-07-08,117.03
2015-07-09,117.02
2015-07-10,116.96
2015-07-13,116.72
2015-07-14,116.81
2015-07-15,115.3
2015-07-16,115.37
2015-07-17,115.05
2015-07-20,115.28
2015-07-21,115.29
2015-07-22,114.92
2015-07-23,114.86
2015-07-24,114.72
2015-07-27,114.99
2015-07-28,115.74
2015-07-29,116.07
2015-07-30,115.3
2015-07-31,114.68
2015-08-03,114.68
2015-08-04,114.2
2015-08-05,114.05
2015-08-06,114.26
2015-08-07,114.36
2015-08-10,114.82
2015-08-11,114.48
2015-08-12,115.85
2015-08-13,115.12
2015-08-14,115.12
2015-08-17,115.11
2015-08-18,115.35
2015-08-19,114.58
2015-08-20,115.15
2015-08-21,114.48
2015-08-24,113.71
2015-08-25,113.2
2015-08-26,113.3
2015-08-27,114.26
2015-08-28,113.69
2015-08-31,114.05
2015-09-01,114.35
2015-09-02,113.33
2015-09-03,114.42
2015-09-04,113.86
2015-09-07,113.86
2015-09-08,114.42
2015-09-09,114.26
2015-09-10,114.14
2015-09-11,113.58
2015-09-14,113.57
2015-09-15,113.73
2015-09-16,114.22
2015-09-17,114.16
2015-09-18,114.33
2015-09-21,113.88
2015-09-22,113.93
2015-09-23,113.82
2015-09-24,113.4
2015-09-25,113.56
2015-09-28,113.24
2015-09-29,112.85
2015-09-30,112.9
2015-10-01,114.13
2015-10-02,114.18
2015-10-05,115.28
2015-10-06,115.38
2015-10-07,115.4
2015-10-08,115.47
2015-10-09,115.83
2015-10-12,115.83
2015-10-13,115.6
2015-10-14,115.5
2015-10-15,116.02
2015-10-16,115.94
2015-10-19,115.55
2015-10-20,115.72
2015-10-21,114.63
2015-10-22,115.09
2015-10-23,114.53
2015-10-26,114.76
2015-10-27,113.9
2015-10-28,114.63
2015-10-29,114.78
2015-10-30,115.2
2015-11-02,115.14
2015-11-03,115.05
2015-11-04,114.79
2015-11-05,114.86
2015-11-06,114.14
2015-11-09,114.42
2015-11-10,114.64
2015-11-11,114.64
2015-11-12,114.06
2015-11-13,113.96
2015-11-16,113.88
2015-11-17,114.22
2015-11-18,113.98
2015-11-19,114.3
2015-11-20,113.76
2015-11-23,113.76
2015-11-24,114.01
2015-11-25,114.18
2015-11-26,114.22
2015-11-27,113.84
2015-11-30,114.19
2015-12-01,113.68
2015-12-02,113.95
2015-12-03,113.18
2015-12-04,113.4
2015-12-07,112.47
2015-12-08,111.87
2015-12-09,111.63
2015-12-10,111.68
2015-12-11,111.08
2015-12-14,110.75
2015-12-15,110.88
2015-12-16,110.3
2015-12-17,109.24
2015-12-18,109.71
2015-12-21,108.89
2015-12-22,109.27
2015-12-23,109.93
2015-12-24,109.92
2015-12-25,109.92
2015-12-28,109.92
2015-12-29,109.91
2015-12-30,109.81
2015-12-31,110.15
2016-01-01,110.15
2016-01-04,109.48
2016-01-05,109.31
2016-01-06,108.74
2016-01-07,108.96
2016-01-08,108.43
2016-01-11,107.97
2016-01-12,107.41
2016-01-13,107.28
2016-01-14,106.79
2016-01-15,105.73
2016-01-18,105.96
2016-01-19,105.87
2016-01-20,105.54
2016-01-21,108.13
2016-01-22,108.81
2016-01-25,108.09
2016-01-26,109.47
2016-01-27,109.54
2016-01-28,109.17
2016-01-29,109.32
2016-02-01,109.81
2016-02-02,109.62
2016-02-03,110.75
2016-02-04,111.21
2016-02-05,110.32
2016-02-08,109.99
2016-02-09,110.62
2016-02-10,109.53
2016-02-11,109.78
2016-02-12,110.68
2016-02-15,110.68
2016-02-16,110.52
2016-02-17,111.69
2016-02-18,111.37
2016-02-19,110.71
2016-02-22,111.63
2016-02-23,110.88
2016-02-24,111.1
2016-02-25,112.66
2016-02-26,113.19
2016-02-29,113.34
2016-03-01,114.24
2016-03-02,113.61
2016-03-03,113.83
2016-03-04,114.1
2016-03-07,114.44
2016-03-08,113.72
2016-03-09,114.89
2016-03-10,113.62
2016-03-11,114.68
2016-03-14,114.21
2016-03-15,113.83
2016-03-16,113.96
2016-03-17,116.08
2016-03-18,116.07
2016-03-21,115.46
2016-03-22,115.65
2016-03-23,114.7
2016-03-24,114.24
2016-03-25,114.24
2016-03-28,114.76
2016-03-29,115.06
2016-03-30,116.17
2016-03-31,115.87
2016-04-01,115.38
2016-04-04,115.55
2016-04-05,114.59
2016-04-06,115.25
2016-04-07,114.63
2016-04-08,115.93
2016-04-11,116.42
2016-04-12,117.45
2016-04-13,117.74
2016-04-14,117.3
2016-04-15,117.11
2016-04-18,117.44
2016-04-19,118.57
2016-04-20,118.96
2016-04-21,118.38
2016-04-22,119.03
2016-04-25,118.94
2016-04-26,119.35
2016-04-27,119.21
2016-04-28,119.68
2016-04-29,119.37
2016-05-02,119.29
2016-05-03,118.34
2016-05-04,116.75
2016-05-05,117.22
2016-05-06,116.64
2016-05-09,116.32
2016-05-10,116.58
2016-05-11,117.42
2016-05-12,117.48
2016-05-13,117.03
2016-05-16,117.46
2016-05-17,117.46
2016-05-18,117.32
2016-05-19,115.96
2016-05-20,115.71
2016-05-23,115.71
2016-05-24,115.97
2016-05-25,116.22
2016-05-26,117.08
2016-05-27,117.0
2016-05-30,116.65
2016-05-31,116.27
2016-06-01,116.34
2016-06-02,116.45
2016-06-03,117.11
2016-06-06,117.88
2016-06-07,118.32
2016-06-08,118.83
2016-06-09,118.72
2016-06-10,118.98
2016-06-13,118.69
2016-06-14,118.57
2016-06-15,117.64
2016-06-16,116.68
2016-06-17,117.84
2016-06-20,118.13
2016-06-21,118.14
2016-06-22,117.94
2016-06-23,118.33
2016-06-24,117.39
2016-06-27,116.74
2016-06-28,116.4
2016-06-29,116.81
2016-06-30,116.78
2016-07-01,116.78
2016-07-04,118.06
2016-07-05,117.53
2016-07-06,117.07
2016-07-07,117.3
2016-07-08,116.31
2016-07-11,115.91
2016-07-12,116.75
2016-07-13,117.2
2016-07-14,117.56
2016-07-15,117.29
2016-07-18,117.18
2016-07-19,116.97
2016-07-20,116.88
2016-07-21,116.68
2016-07-22,115.75
2016-07-25,115.4
2016-07-26,115.45
2016-07-27,115.45
2016-07-28,115.62
2016-07-29,116.29
2016-08-01,116.29
2016-08-02,115.74
2016-08-03,115.97
2016-08-04,116.45
2016-08-05,115.26
2016-08-08,115.22
2016-08-09,115.45
2016-08-10,115.74
2016-08-11,116.15
2016-08-12,116.75
2016-08-15,116.8
2016-08-16,117.1
2016-08-17,117.22
2016-08-18,117.92
2016-08-19,117.21
2016-08-22,116.69
2016-08-23,117.04
2016-08-24,116.91
2016-08-25,116.87
2016-08-26,116.78
2016-08-29,116.51
2016-08-30,116.24
2016-08-31,115.85
2016-09-01,115.87
2016-09-02,116.84
2016-09-05,116.84
2016-09-06,117.74
2016-09-07,117.19
2016-09-08,117.24
2016-09-09,116.49
2016-09-12,116.17
2016-09-13,115.53
2016-09-14,115.3
2016-09-15,115.72
2016-09-16,115.5
2016-09-19,115.63
2016-09-20,115.35
2016-09-21,115.63
2016-09-22,116.59
2016-09-23,115.63
2016-09-26,115.32
2016-09-27,114.76
2016-09-28,114.86
2016-09-29,115.99
2016-09-30,115.84
2016-10-03,115.76
2016-10-04,115.53
2016-10-05,115.56
2016-10-06,115.38
2016-10-07,114.64
2016-10-10,114.64
2016-10-11,115.33
2016-10-12,115.16
2016-10-13,115.62
2016-10-14,116.16
2016-10-17,116.34
2016-10-18,116.43
2016-10-19,116.34
2016-10-20,115.68
2016-10-21,114.79
2016-10-24,114.19
2016-10-25,114.59
2016-10-26,114.43
2016-10-27,114.45
2016-10-28,114.4
2016-10-31,114.18
2016-11-01,114.41
2016-11-02,114.26
2016-11-03,114.22
2016-11-04,113.88
2016-11-07,114.12
2016-11-08,114.4
2016-11-09,114.63
2016-11-10,114.8
2016-11-11,114.8
2016-11-14,114.58
2016-11-15,115.38
2016-11-16,115.89
2016-11-17,115.83
2016-11-18,115.36
2016-11-21,116.1
2016-11-22,116.0
2016-11-23,116.13
2016-11-24,116.04
2016-11-25,115.72
2016-11-28,116.58
2016-11-29,116.22
2016-11-30,116.38
2016-12-01,117.26
2016-12-02,117.37
2016-12-05,117.49
2016-12-06,117.31
2016-12-07,117.42
2016-12-08,117.93
2016-12-09,118.67
2016-12-12,118.7
2016-12-13,118.82
2016-12-14,118.76
2016-12-15,117.37
2016-12-16,117.66
2016-12-19,117.09
2016-12-20,117.42
2016-12-21,117.17
2016-12-22,116.68
2016-12-23,116.02
2016-12-26,116.02
2016-12-27,116.02
2016-12-28,116.07
2016-12-29,116.37
2016-12-30,116.78
2017-01-02,116.78
2017-01-03,117.13
2017-01-04,118.16
2017-01-05,118.37
2017-01-06,118.78
2017-01-09,118.7
2017-01-10,118.93
2017-01-11,118.98
2017-01-12,119.51
2017-01-13,119.34
2017-01-16,119.27
2017-01-17,119.66
2017-01-18,119.17
2017-01-19,117.84
2017-01-20,117.3
2017-01-23,117.39
2017-01-24,118.4
2017-01-25,119.22
2017-01-26,119.14
2017-01-27,118.89
2017-01-30,118.79
2017-01-31,119.29
2017-02-01,118.94
2017-02-02,119.21
2017-02-03,119.13
2017-02-06,118.47
2017-02-07,118.06
2017-02-08,118.02
2017-02-09,118.34
2017-02-10,118.78
2017-02-13,118.85
2017-02-14,118.93
2017-02-15,118.78
2017-02-16,118.88
2017-02-17,118.64
2017-02-20,118.64
2017-02-21,118.33
2017-02-22,117.79
2017-02-23,118.13
2017-02-24,118.34
2017-02-27,118.16
2017-02-28,117.04
2017-03-01,116.45
2017-03-02,116.23
2017-03-03,115.85
2017-03-06,115.77
2017-03-07,115.67
2017-03-08,115.39
2017-03-09,115.15
2017-03-10,115.36
2017-03-13,115.41
2017-03-14,115.2
2017-03-15,115.49
2017-03-16,115.93
2017-03-17,115.72
2017-03-20,115.44
2017-03-21,115.64
2017-03-22,115.24
2017-03-23,115.45
2017-03-24,115.0
2017-03-27,114.82
2017-03-28,114.93
2017-03-29,115.13
2017-03-30,115.68
2017-03-31,115.7
2017-04-03,115.05
2017-04-04,114.79
2017-04-05,114.89
2017-04-06,114.87
2017-04-07,115.11
2017-04-10,115.58
2017-04-11,115.65
2017-04-12,115.88
2017-04-13,115.91
2017-04-14,115.91
2017-04-17,115.65
2017-04-18,114.8
2017-04-19,114.28
2017-04-20,114.06
2017-04-21,113.94
2017-04-24,113.77
2017-04-25,113.02
2017-04-26,113.24
2017-04-27,112.95
2017-04-28,112.55
2017-05-01,112.48
2017-05-02,111.98
2017-05-03,112.08
2017-05-04,111.94
2017-05-05,112.17
2017-05-08,112.37
2017-05-09,112.39
2017-05-10,112.72
2017-05-11,112.36
2017-05-12,112.1
2017-05-15,112.51
2017-05-16,112.69
2017-05-17,112.41
2017-05-18,112.77
2017-05-19,113.01
2017-05-22,113.01
2017-05-23,113.44
2017-05-24,113.69
2017-05-25,113.62
2017-05-26,113.6
2017-05-29,113.72
2017-05-30,113.57
2017-05-31,113.13
2017-06-01,113.14
2017-06-02,113.03
2017-06-05,113.06
2017-06-06,113.1
2017-06-07,112.85
2017-06-08,112.82
2017-06-09,113.32
2017-06-12,113.64
2017-06-13,115.09
2017-06-14,115.08
2017-06-15,114.82
2017-06-16,115.15
2017-06-19,115.36
2017-06-20,115.16
2017-06-21,114.82
2017-06-22,115.37
2017-06-23,114.98
2017-06-26,115.18
2017-06-27,115.5
2017-06-28,116.45
2017-06-29,116.82
2017-06-30,117.17
2017-07-03,117.17
2017-07-04,117.81
2017-07-05,117.54
2017-07-06,117.77
2017-07-07,118.23
2017-07-10,118.14
2017-07-11,117.78
2017-07-12,118.7
2017-07-13,119.13
2017-07-14,119.49
2017-07-17,119.47
2017-07-18,119.56
2017-07-19,119.92
2017-07-20,119.96
2017-07-21,120.21
2017-07-24,120.59
2017-07-25,120.68
2017-07-26,120.75
2017-07-27,120.46
2017-07-28,121.11
2017-07-31,120.65
2017-08-01,120.28
2017-08-02,119.85
2017-08-03,119.67
2017-08-04,119.28
2017-08-07,119.28
2017-08-08,118.94
2017-08-09,118.66
2017-08-10,118.49
2017-08-11,118.65
2017-08-14,118.51
2017-08-15,118.26
2017-08-16,118.72
2017-08-17,119.12
2017-08-18,119.64
2017-08-21,119.56
2017-08-22,119.86
2017-08-23,119.69
2017-08-24,120.01
2017-08-25,120.2
2017-08-28,120.14
2017-08-29,119.78
2017-08-30,119.08
2017-08-31,119.76
2017-09-01,121.04
2017-09-04,121.04
2017-09-05,121.12
2017-09-06,122.07
2017-09-07,122.91
2017-09-08,122.94
2017-09-11,123.25
2017-09-12,123.1
2017-09-13,122.94
2017-09-14,122.87
2017-09-15,122.85
2017-09-18,122.43
2017-09-19,122.05
2017-09-20,122.03
2017-09-21,121.67
2017-09-22,121.75
2017-09-25,121.81
2017-09-26,121.79
2017-09-27,121.63
2017-09-28,121.28
2017-09-29,120.9
2017-10-02,120.82
2017-10-03,120.85
2017-10-04,120.99
2017-10-05,120.49
2017-10-06,120.66
2017-10-09,120.66
2017-10-10,120.78
2017-10-11,120.83
2017-10-12,121.09
2017-10-13,120.93
2017-10-16,120.68
2017-10-17,120.67
2017-10-18,121.22
2017-10-19,121.16
2017-10-20,120.21
2017-10-23,119.96
2017-10-24,119.84
2017-10-25,118.75
2017-10-26,118.37
2017-10-27,118.2
2017-10-30,118.43
2017-10-31,117.84
2017-11-01,117.85
2017-11-02,118.35
2017-11-03,119.12
2017-11-06,119.22
2017-11-07,118.95
2017-11-08,119.36
2017-11-09,119.69
2017-11-10,119.74
2017-11-13,119.74
2017-11-14,119.19
2017-11-15,118.75
2017-11-16,118.95
2017-11-17,118.43
2017-11-20,118.44
2017-11-21,118.44
2017-11-22,118.64
2017-11-23,118.52
2017-11-24,118.52
2017-11-27,118.24
2017-11-28,117.67
2017-11-29,117.27
2017-11-30,117.02
2017-12-01,118.49
2017-12-04,118.87
2017-12-05,119.09
2017-12-06,118.49
2017-12-07,117.83
2017-12-08,117.75
2017-12-11,117.78
2017-12-12,117.82
2017-12-13,117.86
2017-12-14,118.2
2017-12-15,117.98
2017-12-18,117.61
2017-12-19,117.45
2017-12-20,117.76
2017-12-21,118.89
2017-12-22,118.72
2017-12-25,118.72
2017-12-26,118.72
2017-12-27,119.79
2017-12-28,120.09
2017-12-29,120.3
2018-01-01,120.3
2018-01-02,120.27
2018-01-03,120.13
2018-01-04,120.15
2018-01-05,121.26
2018-01-08,121.2
2018-01-09,121.05
2018-01-10,120.44
2018-01-11,119.96
2018-01-12,119.82
2018-01-15,120.19
2018-01-16,120.32
2018-01-17,120.15
2018-01-18,119.89
2018-01-19,119.66
2018-01-22,119.73
2018-01-23,119.78
2018-01-24,120.3
2018-01-25,120.15
2018-01-26,120.23
2018-01-29,120.33
2018-01-30,120.35
2018-01-31,120.54
2018-02-01,120.48
2018-02-02,119.83
2018-02-05,118.95
2018-02-06,118.6
2018-02-07,118.52
2018-02-08,118.45
2018-02-09,118.17
2018-02-12,118.13
2018-02-13,118.02
2018-02-14,118.23
2018-02-15,118.45
2018-02-16,118.19
2018-02-19,118.19
2018-02-20,117.76
2018-02-21,117.38
2018-02-22,117.0
2018-02-23,117.29
2018-02-26,117.1
2018-02-27,116.79
2018-02-28,116.3
2018-03-01,116.06
2018-03-02,115.45
2018-03-05,114.69
2018-03-06,115.06
2018-03-07,114.7
2018-03-08,115.01
2018-03-09,115.74
2018-03-12,115.8
2018-03-13,114.93
2018-03-14,114.63
2018-03-15,114.01
2018-03-16,113.62
2018-03-19,113.67
2018-03-20,113.79
2018-03-21,114.65
2018-03-22,115.06
2018-03-23,115.42
2018-03-26,114.82
2018-03-27,115.1
2018-03-28,114.92
2018-03-29,114.96
2018-03-30,114.96
2018-04-02,114.81
2018-04-03,115.71
2018-04-04,115.79
2018-04-05,116.16
2018-04-06,116.34
2018-04-09,116.6
2018-04-10,117.52
2018-04-11,117.73
2018-04-12,117.72
2018-04-13,117.65
2018-04-16,117.72
2018-04-17,117.97
2018-04-18,117.37
2018-04-19,117.41
2018-04-20,116.9
2018-04-23,116.33
2018-04-24,116.38
2018-04-25,116.29
2018-04-26,116.33
2018-04-27,116.32
2018-04-30,116.59
2018-05-01,116.54
2018-05-02,116.94
2018-05-03,116.8
2018-05-04,116.92
2018-05-07,117.1
2018-05-08,116.37
2018-05-09,117.36
2018-05-10,117.79
2018-05-11,117.68
2018-05-14,117.84
2018-05-15,117.41
2018-05-16,118.04
2018-05-17,118.16
2018-05-18,117.64
2018-05-21,117.64
2018-05-22,118.29
2018-05-23,117.61
2018-05-24,117.34
2018-05-25,116.64
2018-05-28,116.5
2018-05-29,116.58
2018-05-30,117.55
2018-05-31,117.1
2018-06-01,116.99
2018-06-04,117.26
2018-06-05,116.89
2018-06-06,117.46
2018-06-07,117.02
2018-06-08,117.13
2018-06-11,116.82
2018-06-12,116.83
2018-06-13,117.01
2018-06-14,116.67
2018-06-15,115.81
2018-06-18,115.52
2018-06-19,115.08
2018-06-20,114.72
2018-06-21,114.65
2018-06-22,114.5
2018-06-25,114.56
2018-06-26,114.63
2018-06-27,114.96
2018-06-28,115.31
2018-06-29,115.95
2018-07-02,115.95
2018-07-03,116.08
2018-07-04,116.07
2018-07-05,116.08
2018-07-06,116.12
2018-07-09,116.11
2018-07-10,115.89
2018-07-11,115.87
2018-07-12,115.73
2018-07-13,115.84
2018-07-16,115.98
2018-07-17,115.67
2018-07-18,115.65
2018-07-19,115.51
2018-07-20,116.2
2018-07-23,116.15
2018-07-24,115.98
2018-07-25,116.41
2018-07-26,116.68
2018-07-27,116.73
2018-07-30,116.99
2018-07-31,117.12
2018-08-01,117.3
2018-08-02,117.41
2018-08-03,117.6
2018-08-06,117.6
2018-08-07,117.16
2018-08-08,116.93
2018-08-09,117.17
2018-08-10,117.01
2018-08-13,117.11
2018-08-14,117.47
2018-08-15,117.31
2018-08-16,116.92
2018-08-17,117.49
2018-08-20,117.5
2018-08-21,117.52
2018-08-22,117.62
2018-08-23,117.46
2018-08-24,117.46
2018-08-27,117.72
2018-08-28,118.38
2018-08-29,118.46
2018-08-30,118.12
2018-08-31,117.48
2018-09-03,117.48
2018-09-04,116.66
2018-09-05,116.56
2018-09-06,116.43
2018-09-07,116.69
2018-09-10,116.75
2018-09-11,117.04
2018-09-12,117.94
2018-09-13,117.86
2018-09-14,117.65
2018-09-17,117.69
2018-09-18,117.92
2018-09-19,118.27
2018-09-20,118.5
2018-09-21,118.47
2018-09-24,118.32
2018-09-25,118.32
2018-09-26,118.04
2018-09-27,117.48
2018-09-28,118.41
2018-10-01,119.75
2018-10-02,119.71
2018-10-03,119.65
2018-10-04,119.24
2018-10-05,118.78
2018-10-08,118.78
2018-10-09,118.64
2018-10-10,118.36
2018-10-11,117.72
2018-10-12,117.8
2018-10-15,118.0
2018-10-16,118.43
2018-10-17,118.08
2018-10-18,117.79
2018-10-19,117.39
2018-10-22,117.55
2018-10-23,117.6
2018-10-24,118.44
2018-10-25,118.04
2018-10-26,117.72
2018-10-29,117.87
2018-10-30,117.95
2018-10-31,118.09
2018-11-01,118.13
2018-11-02,117.81
2018-11-05,117.99
2018-11-06,117.59
2018-11-07,117.77
2018-11-08,117.87
2018-11-09,117.37
2018-11-12,117.37
2018-11-13,117.31
2018-11-14,117.22
2018-11-15,117.43
2018-11-16,117.59
2018-11-19,117.37
2018-11-20,116.84
2018-11-21,116.63
2018-11-22,117.22
2018-11-23,117.2
2018-11-26,117.3
2018-11-27,116.85
2018-11-28,116.61
2018-11-29,116.64
2018-11-30,116.58
2018-12-03,117.26
2018-12-04,116.97
2018-12-05,115.92
2018-12-06,115.49
2018-12-07,116.29
2018-12-10,115.85
2018-12-11,115.65
2018-12-12,115.9
2018-12-13,115.9
2018-12-14,115.97
2018-12-17,115.54
2018-12-18,114.99
2018-12-19,114.9
2018-12-20,114.3
2018-12-21,113.88
2018-12-24,113.57
2018-12-25,113.57
2018-12-26,113.57
2018-12-27,113.01
2018-12-28,112.92
2018-12-31,112.83
2019-01-01,112.83
2019-01-02,113.22
2019-01-03,113.95
2019-01-04,114.6
2019-01-07,115.18
2019-01-08,115.43
2019-01-09,115.77
2019-01-10,115.56
2019-01-11,115.32
2019-01-14,115.2
2019-01-15,115.33
2019-01-16,115.46
2019-01-17,115.18
2019-01-18,115.56
2019-01-21,115.38
2019-01-22,115.02
2019-01-23,114.84
2019-01-24,114.83
2019-01-25,115.38
2019-01-28,115.32
2019-01-29,115.22
2019-01-30,115.88
2019-01-31,116.08
2019-02-01,116.7
2019-02-04,116.52
2019-02-05,116.46
2019-02-06,116.08
2019-02-07,115.29
2019-02-08,115.45
2019-02-11,115.57
2019-02-12,115.85
2019-02-13,116.04
2019-02-14,115.55
2019-02-15,115.78
2019-02-18,115.78
2019-02-19,115.83
2019-02-20,116.3
2019-02-21,116.18
2019-02-22,116.28
2019-02-25,116.15
2019-02-26,115.96
2019-02-27,116.38
2019-02-28,116.25
2019-03-01,115.61
2019-03-04,115.18
2019-03-05,114.94
2019-03-06,114.37
2019-03-07,114.47
2019-03-08,114.59
2019-03-11,114.59
2019-03-12,114.71
2019-03-13,115.11
2019-03-14,115.19
2019-03-15,114.92
2019-03-18,114.78
2019-03-19,115.14
2019-03-20,114.8
2019-03-21,114.36
2019-03-22,114.26
2019-03-25,114.09
2019-03-26,114.46
2019-03-27,114.47
2019-03-28,114.49
2019-03-29,114.96
2019-04-01,115.11
2019-04-02,115.11
2019-04-03,115.16
2019-04-04,114.96
2019-04-05,114.69
2019-04-08,115.09
2019-04-09,115.09
2019-04-10,114.94
2019-04-11,114.57
2019-04-12,114.86
2019-04-15,114.7
2019-04-16,114.75
2019-04-17,114.9
2019-04-18,114.6
2019-04-19,114.6
2019-04-22,114.88
2019-04-23,114.46
2019-04-24,114.16
2019-04-25,114.17
2019-04-26,114.27
2019-04-29,114.34
2019-04-30,114.52
2019-05-01,114.48
2019-05-02,114.32
2019-05-03,114.5
2019-05-06,114.33
2019-05-07,114.25
2019-05-08,114.31
2019-05-09,114.34
2019-05-10,114.79
2019-05-13,114.65
2019-05-14,114.58
2019-05-15,114.74
2019-05-16,114.91
2019-05-17,114.88
2019-05-20,114.88
2019-05-21,115.29
2019-05-22,115.25
2019-05-23,114.69
2019-05-24,114.82
2019-05-27,114.87
2019-05-28,114.69
2019-05-29,114.46
2019-05-30,114.49
2019-05-31,114.43
2019-06-03,114.81
2019-06-04,115.13
2019-06-05,115.22
2019-06-06,115.46
2019-06-07,116.17
2019-06-10,116.22
2019-06-11,116.0
2019-06-12,115.83
2019-06-13,115.7
2019-06-14,115.3
2019-06-17,115.15
2019-06-18,115.19
2019-06-19,115.57
2019-06-20,116.43
2019-06-21,116.28
2019-06-24,116.38
2019-06-25,116.6
2019-06-26,117.0
2019-06-27,117.18
2019-06-28,117.35
2019-07-01,117.35
2019-07-02,117.24
2019-07-03,117.61
2019-07-04,117.67
2019-07-05,117.54
2019-07-08,117.65
2019-07-09,117.36
2019-07-10,117.62
2019-07-11,117.68
2019-07-12,117.94
2019-07-15,117.9
2019-07-16,117.94
2019-07-17,117.9
2019-07-18,117.67
2019-07-19,117.66
2019-07-22,117.42
2019-07-23,117.26
2019-07-24,117.26
2019-07-25,117.21
2019-07-26,116.97
2019-07-29,117.25
2019-07-30,117.14
2019-07-31,117.31
2019-08-01,116.97
2019-08-02,116.99
2019-08-05,116.99
2019-08-06,117.07
2019-08-07,116.54
2019-08-08,116.96
2019-08-09,117.27
2019-08-12,117.27
2019-08-13,117.22
2019-08-14,116.65
2019-08-15,116.61
2019-08-16,116.94
2019-08-19,117.01
2019-08-20,116.78
2019-08-21,117.11
2019-08-22,117.1
2019-08-23,116.97
2019-08-26,117.45
2019-08-27,117.61
2019-08-28,117.39
2019-08-29,117.5
2019-08-30,117.56
2019-09-02,117.56
2019-09-03,117.26
2019-09-04,117.61
2019-09-05,117.81
2019-09-06,118.13
2019-09-09,118.29
2019-09-10,118.33
2019-09-11,118.15
2019-09-12,117.7
2019-09-13,117.14
2019-09-16,117.36
2019-09-17,117.29
2019-09-18,117.13
2019-09-19,117.3
2019-09-20,117.22
2019-09-23,117.37
2019-09-24,117.49
2019-09-25,117.53
2019-09-26,117.68
2019-09-27,117.8
2019-09-30,118.0
2019-10-01,118.04
2019-10-02,117.52
2019-10-03,117.04
2019-10-04,117.02
2019-10-07,117.16
2019-10-08,117.08
2019-10-09,117.03
2019-10-10,117.15
2019-10-11,117.75
